query_id,method,recall,latency_ms,true_neighbors_found,terminated_early,actual_ef_used,max_ef_allowed,num_iterations,num_distance_computations,num_nodes_visited,distance_to_best,distance_to_worst_in_topk,distance_ratio,method_specific,query_d1nn_distance,query_dknn_distance,query_local_density,failure_type,recall_gap_from_oracle
0,hnsw_ef20,1.0,2.4250000000000003,10,False,20,20,0,0,0,76608.0,98017.0,1.0,{},0.0,0.0,0.0,none,0.0
1,hnsw_ef20,1.0,1.776,10,False,20,20,0,0,0,65973.0,76936.0,1.0,{},0.0,0.0,0.0,none,0.0
2,hnsw_ef20,1.0,3.125,10,False,20,20,0,0,0,42740.0,61289.0,1.0,{},0.0,0.0,0.0,none,0.0
3,hnsw_ef20,1.0,3.993,10,False,20,20,0,0,0,46301.0,70326.0,1.0,{},0.0,0.0,0.0,none,0.0
4,hnsw_ef20,1.0,7.289000000000001,10,False,20,20,0,0,0,62755.0,81358.0,1.0,{},0.0,0.0,0.0,none,0.0
5,hnsw_ef20,0.8,6.021999999999999,8,False,20,20,0,0,0,75708.0,105347.0,1.0,{},0.0,0.0,0.0,none,0.0
6,hnsw_ef20,1.0,5.101999999999999,10,False,20,20,0,0,0,60816.0,72362.0,1.0,{},0.0,0.0,0.0,none,0.0
7,hnsw_ef20,1.0,2.06,10,False,20,20,0,0,0,30258.0,48728.0,1.0,{},0.0,0.0,0.0,none,0.0
8,hnsw_ef20,0.9,2.78,9,False,20,20,0,0,0,61739.0,74336.0,1.0,{},0.0,0.0,0.0,none,0.0
9,hnsw_ef20,1.0,2.48,10,False,20,20,0,0,0,62507.0,73480.0,1.0,{},0.0,0.0,0.0,none,0.0
10,hnsw_ef20,0.9,1.91,9,False,20,20,0,0,0,86367.0,105026.0,1.0,{},0.0,0.0,0.0,none,0.0
11,hnsw_ef20,1.0,1.831,10,False,20,20,0,0,0,29640.0,54141.0,1.0,{},0.0,0.0,0.0,none,0.0
12,hnsw_ef20,1.0,2.113,10,False,20,20,0,0,0,56906.0,68334.0,1.0,{},0.0,0.0,0.0,none,0.0
13,hnsw_ef20,1.0,1.831,10,False,20,20,0,0,0,59867.0,75645.0,1.0,{},0.0,0.0,0.0,none,0.0
14,hnsw_ef20,1.0,1.917,10,False,20,20,0,0,0,74702.0,93779.0,1.0,{},0.0,0.0,0.0,none,0.0
15,hnsw_ef20,1.0,1.675,10,False,20,20,0,0,0,64355.0,68732.0,1.0,{},0.0,0.0,0.0,none,0.0
16,hnsw_ef20,1.0,2.5300000000000002,10,False,20,20,0,0,0,61603.0,70190.0,1.0,{},0.0,0.0,0.0,none,0.0
17,hnsw_ef20,1.0,2.0370000000000004,10,False,20,20,0,0,0,64839.0,72546.0,1.0,{},0.0,0.0,0.0,none,0.0
18,hnsw_ef20,1.0,1.7830000000000001,10,False,20,20,0,0,0,71230.0,78513.0,1.0,{},0.0,0.0,0.0,none,0.0
19,hnsw_ef20,1.0,3.862,10,False,20,20,0,0,0,50513.0,60190.0,1.0,{},0.0,0.0,0.0,none,0.0
20,hnsw_ef20,1.0,3.195,10,False,20,20,0,0,0,37243.0,44002.0,1.0,{},0.0,0.0,0.0,none,0.0
21,hnsw_ef20,1.0,4.059,10,False,20,20,0,0,0,6536.0,51865.0,1.0,{},0.0,0.0,0.0,none,0.0
22,hnsw_ef20,1.0,2.757,10,False,20,20,0,0,0,29947.0,43724.0,1.0,{},0.0,0.0,0.0,none,0.0
23,hnsw_ef20,1.0,1.8550000000000002,10,False,20,20,0,0,0,64486.0,69874.0,1.0,{},0.0,0.0,0.0,none,0.0
24,hnsw_ef20,1.0,1.9040000000000001,10,False,20,20,0,0,0,23786.0,63044.0,1.0,{},0.0,0.0,0.0,none,0.0
25,hnsw_ef20,0.8,1.7129999999999999,8,False,20,20,0,0,0,73772.0,96308.0,1.0,{},0.0,0.0,0.0,none,0.0
26,hnsw_ef20,1.0,2.186,10,False,20,20,0,0,0,33651.0,59115.0,1.0,{},0.0,0.0,0.0,none,0.0
27,hnsw_ef20,1.0,2.163,10,False,20,20,0,0,0,30806.0,60091.0,1.0,{},0.0,0.0,0.0,none,0.0
28,hnsw_ef20,1.0,2.042,10,False,20,20,0,0,0,50562.0,61579.0,1.0,{},0.0,0.0,0.0,none,0.0
29,hnsw_ef20,1.0,3.318,10,False,20,20,0,0,0,15720.0,37712.0,1.0,{},0.0,0.0,0.0,none,0.0
30,hnsw_ef20,1.0,2.125,10,False,20,20,0,0,0,70425.0,77526.0,1.0,{},0.0,0.0,0.0,none,0.0
31,hnsw_ef20,1.0,1.61,10,False,20,20,0,0,0,11923.0,95245.0,1.0,{},0.0,0.0,0.0,none,0.0
32,hnsw_ef20,1.0,1.867,10,False,20,20,0,0,0,35180.0,67794.0,1.0,{},0.0,0.0,0.0,none,0.0
33,hnsw_ef20,0.9,1.518,9,False,20,20,0,0,0,107767.0,136172.0,1.0,{},0.0,0.0,0.0,none,0.0
34,hnsw_ef20,1.0,2.193,10,False,20,20,0,0,0,61779.0,77653.0,1.0,{},0.0,0.0,0.0,none,0.0
35,hnsw_ef20,1.0,2.0149999999999997,10,False,20,20,0,0,0,14635.0,92609.0,1.0,{},0.0,0.0,0.0,none,0.0
36,hnsw_ef20,1.0,1.9680000000000002,10,False,20,20,0,0,0,12423.0,90796.0,1.0,{},0.0,0.0,0.0,none,0.0
37,hnsw_ef20,1.0,5.6499999999999995,10,False,20,20,0,0,0,27841.0,102084.0,1.0,{},0.0,0.0,0.0,none,0.0
38,hnsw_ef20,1.0,1.8699999999999999,10,False,20,20,0,0,0,24448.0,93294.0,1.0,{},0.0,0.0,0.0,none,0.0
39,hnsw_ef20,1.0,1.563,10,False,20,20,0,0,0,37627.0,48147.0,1.0,{},0.0,0.0,0.0,none,0.0
40,hnsw_ef20,1.0,1.835,10,False,20,20,0,0,0,23582.0,77383.0,1.0,{},0.0,0.0,0.0,none,0.0
41,hnsw_ef20,1.0,1.4400000000000002,10,False,20,20,0,0,0,40198.0,50025.0,1.0,{},0.0,0.0,0.0,none,0.0
42,hnsw_ef20,1.0,1.898,10,False,20,20,0,0,0,56061.0,77258.0,1.0,{},0.0,0.0,0.0,none,0.0
43,hnsw_ef20,1.0,2.232,10,False,20,20,0,0,0,27337.0,86737.0,1.0,{},0.0,0.0,0.0,none,0.0
44,hnsw_ef20,1.0,3.842,10,False,20,20,0,0,0,65717.0,73924.0,1.0,{},0.0,0.0,0.0,none,0.0
45,hnsw_ef20,0.7,1.701,7,False,20,20,0,0,0,70577.0,79550.0,1.0,{},0.0,0.0,0.0,none,0.0
46,hnsw_ef20,1.0,1.2979999999999998,10,False,20,20,0,0,0,9926.0,58929.0,1.0,{},0.0,0.0,0.0,none,0.0
47,hnsw_ef20,1.0,2.104,10,False,20,20,0,0,0,86668.0,114233.0,1.0,{},0.0,0.0,0.0,none,0.0
48,hnsw_ef20,1.0,1.6360000000000001,10,False,20,20,0,0,0,24262.0,102124.0,1.0,{},0.0,0.0,0.0,none,0.0
49,hnsw_ef20,1.0,1.5430000000000001,10,False,20,20,0,0,0,16585.0,54822.0,1.0,{},0.0,0.0,0.0,none,0.0
50,hnsw_ef20,1.0,1.4809999999999999,10,False,20,20,0,0,0,32812.0,89218.0,1.0,{},0.0,0.0,0.0,none,0.0
51,hnsw_ef20,1.0,1.567,10,False,20,20,0,0,0,17112.0,66730.0,1.0,{},0.0,0.0,0.0,none,0.0
52,hnsw_ef20,1.0,2.867,10,False,20,20,0,0,0,39512.0,53497.0,1.0,{},0.0,0.0,0.0,none,0.0
53,hnsw_ef20,0.9,2.005,9,False,20,20,0,0,0,37705.0,66910.0,1.0,{},0.0,0.0,0.0,none,0.0
54,hnsw_ef20,1.0,0.894,10,False,20,20,0,0,0,25379.0,29993.0,1.0,{},0.0,0.0,0.0,none,0.0
55,hnsw_ef20,1.0,2.653,10,False,20,20,0,0,0,33872.0,52309.0,1.0,{},0.0,0.0,0.0,none,0.0
56,hnsw_ef20,1.0,3.9509999999999996,10,False,20,20,0,0,0,36380.0,48758.0,1.0,{},0.0,0.0,0.0,none,0.0
57,hnsw_ef20,1.0,1.8079999999999998,10,False,20,20,0,0,0,27938.0,62801.0,1.0,{},0.0,0.0,0.0,none,0.0
58,hnsw_ef20,1.0,1.531,10,False,20,20,0,0,0,4322.0,109499.0,1.0,{},0.0,0.0,0.0,none,0.0
59,hnsw_ef20,1.0,1.117,10,False,20,20,0,0,0,13091.0,29119.0,1.0,{},0.0,0.0,0.0,none,0.0
60,hnsw_ef20,1.0,2.812,10,False,20,20,0,0,0,29005.0,81397.0,1.0,{},0.0,0.0,0.0,none,0.0
61,hnsw_ef20,1.0,1.4469999999999998,10,False,20,20,0,0,0,19700.0,70796.0,1.0,{},0.0,0.0,0.0,none,0.0
62,hnsw_ef20,1.0,1.048,10,False,20,20,0,0,0,17332.0,59702.0,1.0,{},0.0,0.0,0.0,none,0.0
63,hnsw_ef20,1.0,1.2329999999999999,10,False,20,20,0,0,0,9009.0,51518.0,1.0,{},0.0,0.0,0.0,none,0.0
64,hnsw_ef20,1.0,2.277,10,False,20,20,0,0,0,19120.0,69118.0,1.0,{},0.0,0.0,0.0,none,0.0
65,hnsw_ef20,0.9,1.236,9,False,20,20,0,0,0,30061.0,61207.0,1.0,{},0.0,0.0,0.0,none,0.0
66,hnsw_ef20,1.0,1.361,10,False,20,20,0,0,0,40347.0,85595.0,1.0,{},0.0,0.0,0.0,none,0.0
67,hnsw_ef20,1.0,1.375,10,False,20,20,0,0,0,50277.0,77892.0,1.0,{},0.0,0.0,0.0,none,0.0
68,hnsw_ef20,1.0,1.489,10,False,20,20,0,0,0,40526.0,48625.0,1.0,{},0.0,0.0,0.0,none,0.0
69,hnsw_ef20,1.0,1.645,10,False,20,20,0,0,0,71189.0,87094.0,1.0,{},0.0,0.0,0.0,none,0.0
70,hnsw_ef20,1.0,1.017,10,False,20,20,0,0,0,2192.0,25387.0,1.0,{},0.0,0.0,0.0,none,0.0
71,hnsw_ef20,1.0,2.16,10,False,20,20,0,0,0,37510.0,76084.0,1.0,{},0.0,0.0,0.0,none,0.0
72,hnsw_ef20,1.0,2.161,10,False,20,20,0,0,0,91937.0,112634.0,1.0,{},0.0,0.0,0.0,none,0.0
73,hnsw_ef20,1.0,1.489,10,False,20,20,0,0,0,53111.0,91810.0,1.0,{},0.0,0.0,0.0,none,0.0
74,hnsw_ef20,0.9,1.871,9,False,20,20,0,0,0,17186.0,54202.0,1.0,{},0.0,0.0,0.0,none,0.0
75,hnsw_ef20,1.0,1.779,10,False,20,20,0,0,0,44970.0,97812.0,1.0,{},0.0,0.0,0.0,none,0.0
76,hnsw_ef20,0.9,1.6689999999999998,9,False,20,20,0,0,0,63130.0,87984.0,1.0,{},0.0,0.0,0.0,none,0.0
77,hnsw_ef20,0.9,1.678,9,False,20,20,0,0,0,86269.0,112447.0,1.0,{},0.0,0.0,0.0,none,0.0
78,hnsw_ef20,1.0,1.649,10,False,20,20,0,0,0,51469.0,74257.0,1.0,{},0.0,0.0,0.0,none,0.0
79,hnsw_ef20,1.0,0.9890000000000001,10,False,20,20,0,0,0,21953.0,47928.0,1.0,{},0.0,0.0,0.0,none,0.0
80,hnsw_ef20,1.0,1.828,10,False,20,20,0,0,0,21407.0,97059.0,1.0,{},0.0,0.0,0.0,none,0.0
81,hnsw_ef20,1.0,1.77,10,False,20,20,0,0,0,76629.0,94504.0,1.0,{},0.0,0.0,0.0,none,0.0
82,hnsw_ef20,0.9,2.025,9,False,20,20,0,0,0,73974.0,92874.0,1.0,{},0.0,0.0,0.0,none,0.0
83,hnsw_ef20,1.0,1.911,10,False,20,20,0,0,0,32981.0,71927.0,1.0,{},0.0,0.0,0.0,none,0.0
84,hnsw_ef20,1.0,1.996,10,False,20,20,0,0,0,37125.0,69971.0,1.0,{},0.0,0.0,0.0,none,0.0
85,hnsw_ef20,1.0,1.359,10,False,20,20,0,0,0,81286.0,156301.0,1.0,{},0.0,0.0,0.0,none,0.0
86,hnsw_ef20,1.0,1.307,10,False,20,20,0,0,0,50583.0,88690.0,1.0,{},0.0,0.0,0.0,none,0.0
87,hnsw_ef20,1.0,1.085,10,False,20,20,0,0,0,15267.0,83244.0,1.0,{},0.0,0.0,0.0,none,0.0
88,hnsw_ef20,1.0,1.059,10,False,20,20,0,0,0,5637.0,40609.0,1.0,{},0.0,0.0,0.0,none,0.0
89,hnsw_ef20,1.0,1.26,10,False,20,20,0,0,0,13118.0,47442.0,1.0,{},0.0,0.0,0.0,none,0.0
90,hnsw_ef20,1.0,1.4480000000000002,10,False,20,20,0,0,0,2546.0,31244.0,1.0,{},0.0,0.0,0.0,none,0.0
91,hnsw_ef20,1.0,1.585,10,False,20,20,0,0,0,88820.0,118161.0,1.0,{},0.0,0.0,0.0,none,0.0
92,hnsw_ef20,1.0,1.707,10,False,20,20,0,0,0,20012.0,104917.0,1.0,{},0.0,0.0,0.0,none,0.0
93,hnsw_ef20,1.0,1.6019999999999999,10,False,20,20,0,0,0,55119.0,74990.0,1.0,{},0.0,0.0,0.0,none,0.0
94,hnsw_ef20,1.0,0.9959999999999999,10,False,20,20,0,0,0,25783.0,73191.0,1.0,{},0.0,0.0,0.0,none,0.0
95,hnsw_ef20,0.9,1.623,9,False,20,20,0,0,0,93264.0,114270.0,1.0,{},0.0,0.0,0.0,none,0.0
96,hnsw_ef20,0.6,1.9040000000000001,6,False,20,20,0,0,0,101357.0,111316.0,1.0,{},0.0,0.0,0.0,none,0.0
97,hnsw_ef20,0.9,1.589,9,False,20,20,0,0,0,92261.0,104254.0,1.0,{},0.0,0.0,0.0,none,0.0
98,hnsw_ef20,1.0,1.251,10,False,20,20,0,0,0,18887.0,23629.0,1.0,{},0.0,0.0,0.0,none,0.0
99,hnsw_ef20,1.0,1.4220000000000002,10,False,20,20,0,0,0,34082.0,114241.0,1.0,{},0.0,0.0,0.0,none,0.0
0,hnsw_ef50,1.0,5.01,10,False,50,50,0,0,0,76608.0,98017.0,1.0,{},0.0,0.0,0.0,none,0.0
1,hnsw_ef50,1.0,4.912,10,False,50,50,0,0,0,65973.0,76936.0,1.0,{},0.0,0.0,0.0,none,0.0
2,hnsw_ef50,1.0,4.745,10,False,50,50,0,0,0,42740.0,61289.0,1.0,{},0.0,0.0,0.0,none,0.0
3,hnsw_ef50,1.0,7.952000000000001,10,False,50,50,0,0,0,46301.0,70326.0,1.0,{},0.0,0.0,0.0,none,0.0
4,hnsw_ef50,1.0,3.499,10,False,50,50,0,0,0,62755.0,81358.0,1.0,{},0.0,0.0,0.0,none,0.0
5,hnsw_ef50,1.0,5.9750000000000005,10,False,50,50,0,0,0,75708.0,101335.0,1.0,{},0.0,0.0,0.0,none,0.0
6,hnsw_ef50,1.0,11.039,10,False,50,50,0,0,0,60816.0,72362.0,1.0,{},0.0,0.0,0.0,none,0.0
7,hnsw_ef50,1.0,5.639,10,False,50,50,0,0,0,30258.0,48728.0,1.0,{},0.0,0.0,0.0,none,0.0
8,hnsw_ef50,1.0,4.038,10,False,50,50,0,0,0,61739.0,74013.0,1.0,{},0.0,0.0,0.0,none,0.0
9,hnsw_ef50,1.0,4.116,10,False,50,50,0,0,0,62507.0,73480.0,1.0,{},0.0,0.0,0.0,none,0.0
10,hnsw_ef50,1.0,5.308,10,False,50,50,0,0,0,86367.0,104006.0,1.0,{},0.0,0.0,0.0,none,0.0
11,hnsw_ef50,1.0,7.531000000000001,10,False,50,50,0,0,0,29640.0,54141.0,1.0,{},0.0,0.0,0.0,none,0.0
12,hnsw_ef50,1.0,7.586,10,False,50,50,0,0,0,56906.0,68334.0,1.0,{},0.0,0.0,0.0,none,0.0
13,hnsw_ef50,1.0,8.443000000000001,10,False,50,50,0,0,0,59867.0,75645.0,1.0,{},0.0,0.0,0.0,none,0.0
14,hnsw_ef50,1.0,5.657,10,False,50,50,0,0,0,74702.0,93779.0,1.0,{},0.0,0.0,0.0,none,0.0
15,hnsw_ef50,1.0,3.73,10,False,50,50,0,0,0,64355.0,68732.0,1.0,{},0.0,0.0,0.0,none,0.0
16,hnsw_ef50,1.0,3.709,10,False,50,50,0,0,0,61603.0,70190.0,1.0,{},0.0,0.0,0.0,none,0.0
17,hnsw_ef50,1.0,4.09,10,False,50,50,0,0,0,64839.0,72546.0,1.0,{},0.0,0.0,0.0,none,0.0
18,hnsw_ef50,1.0,3.659,10,False,50,50,0,0,0,71230.0,78513.0,1.0,{},0.0,0.0,0.0,none,0.0
19,hnsw_ef50,1.0,4.492999999999999,10,False,50,50,0,0,0,50513.0,60190.0,1.0,{},0.0,0.0,0.0,none,0.0
20,hnsw_ef50,1.0,7.529,10,False,50,50,0,0,0,37243.0,44002.0,1.0,{},0.0,0.0,0.0,none,0.0
21,hnsw_ef50,1.0,6.495,10,False,50,50,0,0,0,6536.0,51865.0,1.0,{},0.0,0.0,0.0,none,0.0
22,hnsw_ef50,1.0,5.955,10,False,50,50,0,0,0,29947.0,43724.0,1.0,{},0.0,0.0,0.0,none,0.0
23,hnsw_ef50,1.0,6.204000000000001,10,False,50,50,0,0,0,64486.0,69874.0,1.0,{},0.0,0.0,0.0,none,0.0
24,hnsw_ef50,1.0,6.5760000000000005,10,False,50,50,0,0,0,23786.0,63044.0,1.0,{},0.0,0.0,0.0,none,0.0
25,hnsw_ef50,1.0,3.5370000000000004,10,False,50,50,0,0,0,73772.0,95177.0,1.0,{},0.0,0.0,0.0,none,0.0
26,hnsw_ef50,1.0,4.0600000000000005,10,False,50,50,0,0,0,33651.0,59115.0,1.0,{},0.0,0.0,0.0,none,0.0
27,hnsw_ef50,1.0,3.307,10,False,50,50,0,0,0,30806.0,60091.0,1.0,{},0.0,0.0,0.0,none,0.0
28,hnsw_ef50,1.0,4.007000000000001,10,False,50,50,0,0,0,50562.0,61579.0,1.0,{},0.0,0.0,0.0,none,0.0
29,hnsw_ef50,1.0,4.152,10,False,50,50,0,0,0,15720.0,37712.0,1.0,{},0.0,0.0,0.0,none,0.0
30,hnsw_ef50,1.0,6.311,10,False,50,50,0,0,0,70425.0,77526.0,1.0,{},0.0,0.0,0.0,none,0.0
31,hnsw_ef50,1.0,3.9509999999999996,10,False,50,50,0,0,0,11923.0,95245.0,1.0,{},0.0,0.0,0.0,none,0.0
32,hnsw_ef50,1.0,3.399,10,False,50,50,0,0,0,35180.0,67794.0,1.0,{},0.0,0.0,0.0,none,0.0
33,hnsw_ef50,1.0,6.267,10,False,50,50,0,0,0,107767.0,133725.0,1.0,{},0.0,0.0,0.0,none,0.0
34,hnsw_ef50,1.0,6.23,10,False,50,50,0,0,0,61779.0,77653.0,1.0,{},0.0,0.0,0.0,none,0.0
35,hnsw_ef50,1.0,4.443,10,False,50,50,0,0,0,14635.0,92609.0,1.0,{},0.0,0.0,0.0,none,0.0
36,hnsw_ef50,1.0,4.545000000000001,10,False,50,50,0,0,0,12423.0,90796.0,1.0,{},0.0,0.0,0.0,none,0.0
37,hnsw_ef50,1.0,3.427,10,False,50,50,0,0,0,27841.0,102084.0,1.0,{},0.0,0.0,0.0,none,0.0
38,hnsw_ef50,1.0,3.769,10,False,50,50,0,0,0,24448.0,93294.0,1.0,{},0.0,0.0,0.0,none,0.0
39,hnsw_ef50,1.0,2.742,10,False,50,50,0,0,0,37627.0,48147.0,1.0,{},0.0,0.0,0.0,none,0.0
40,hnsw_ef50,1.0,4.486000000000001,10,False,50,50,0,0,0,23582.0,77383.0,1.0,{},0.0,0.0,0.0,none,0.0
41,hnsw_ef50,1.0,5.064,10,False,50,50,0,0,0,40198.0,50025.0,1.0,{},0.0,0.0,0.0,none,0.0
42,hnsw_ef50,1.0,5.084,10,False,50,50,0,0,0,56061.0,77258.0,1.0,{},0.0,0.0,0.0,none,0.0
43,hnsw_ef50,1.0,5.37,10,False,50,50,0,0,0,27337.0,86737.0,1.0,{},0.0,0.0,0.0,none,0.0
44,hnsw_ef50,1.0,4.149,10,False,50,50,0,0,0,65717.0,73924.0,1.0,{},0.0,0.0,0.0,none,0.0
45,hnsw_ef50,0.8,3.422,8,False,50,50,0,0,0,70577.0,78737.0,1.0,{},0.0,0.0,0.0,none,0.0
46,hnsw_ef50,1.0,3.376,10,False,50,50,0,0,0,9926.0,58929.0,1.0,{},0.0,0.0,0.0,none,0.0
47,hnsw_ef50,1.0,5.261,10,False,50,50,0,0,0,86668.0,114233.0,1.0,{},0.0,0.0,0.0,none,0.0
48,hnsw_ef50,1.0,3.516,10,False,50,50,0,0,0,24262.0,102124.0,1.0,{},0.0,0.0,0.0,none,0.0
49,hnsw_ef50,1.0,3.336,10,False,50,50,0,0,0,16585.0,54822.0,1.0,{},0.0,0.0,0.0,none,0.0
50,hnsw_ef50,1.0,3.072,10,False,50,50,0,0,0,32812.0,89218.0,1.0,{},0.0,0.0,0.0,none,0.0
51,hnsw_ef50,1.0,2.71,10,False,50,50,0,0,0,17112.0,66730.0,1.0,{},0.0,0.0,0.0,none,0.0
52,hnsw_ef50,1.0,4.213,10,False,50,50,0,0,0,39512.0,53497.0,1.0,{},0.0,0.0,0.0,none,0.0
53,hnsw_ef50,1.0,3.812,10,False,50,50,0,0,0,37705.0,66565.0,1.0,{},0.0,0.0,0.0,none,0.0
54,hnsw_ef50,1.0,1.792,10,False,50,50,0,0,0,25379.0,29993.0,1.0,{},0.0,0.0,0.0,none,0.0
55,hnsw_ef50,1.0,2.442,10,False,50,50,0,0,0,33872.0,52309.0,1.0,{},0.0,0.0,0.0,none,0.0
56,hnsw_ef50,1.0,3.689,10,False,50,50,0,0,0,36380.0,48758.0,1.0,{},0.0,0.0,0.0,none,0.0
57,hnsw_ef50,1.0,3.9579999999999997,10,False,50,50,0,0,0,27938.0,62801.0,1.0,{},0.0,0.0,0.0,none,0.0
58,hnsw_ef50,1.0,3.508,10,False,50,50,0,0,0,4322.0,109499.0,1.0,{},0.0,0.0,0.0,none,0.0
59,hnsw_ef50,1.0,1.9009999999999998,10,False,50,50,0,0,0,13091.0,29119.0,1.0,{},0.0,0.0,0.0,none,0.0
60,hnsw_ef50,1.0,3.915,10,False,50,50,0,0,0,29005.0,81397.0,1.0,{},0.0,0.0,0.0,none,0.0
61,hnsw_ef50,1.0,2.8449999999999998,10,False,50,50,0,0,0,19700.0,70796.0,1.0,{},0.0,0.0,0.0,none,0.0
62,hnsw_ef50,1.0,1.784,10,False,50,50,0,0,0,17332.0,59702.0,1.0,{},0.0,0.0,0.0,none,0.0
63,hnsw_ef50,1.0,2.3800000000000003,10,False,50,50,0,0,0,9009.0,51518.0,1.0,{},0.0,0.0,0.0,none,0.0
64,hnsw_ef50,1.0,2.347,10,False,50,50,0,0,0,19120.0,69118.0,1.0,{},0.0,0.0,0.0,none,0.0
65,hnsw_ef50,1.0,2.691,10,False,50,50,0,0,0,30061.0,59443.0,1.0,{},0.0,0.0,0.0,none,0.0
66,hnsw_ef50,1.0,2.6020000000000003,10,False,50,50,0,0,0,40347.0,85595.0,1.0,{},0.0,0.0,0.0,none,0.0
67,hnsw_ef50,1.0,2.83,10,False,50,50,0,0,0,50277.0,77892.0,1.0,{},0.0,0.0,0.0,none,0.0
68,hnsw_ef50,1.0,2.6719999999999997,10,False,50,50,0,0,0,40526.0,48625.0,1.0,{},0.0,0.0,0.0,none,0.0
69,hnsw_ef50,1.0,3.676,10,False,50,50,0,0,0,71189.0,87094.0,1.0,{},0.0,0.0,0.0,none,0.0
70,hnsw_ef50,1.0,1.777,10,False,50,50,0,0,0,2192.0,25387.0,1.0,{},0.0,0.0,0.0,none,0.0
71,hnsw_ef50,1.0,2.549,10,False,50,50,0,0,0,37510.0,76084.0,1.0,{},0.0,0.0,0.0,none,0.0
72,hnsw_ef50,1.0,4.144,10,False,50,50,0,0,0,91937.0,112634.0,1.0,{},0.0,0.0,0.0,none,0.0
73,hnsw_ef50,1.0,2.9459999999999997,10,False,50,50,0,0,0,53111.0,91810.0,1.0,{},0.0,0.0,0.0,none,0.0
74,hnsw_ef50,1.0,3.6180000000000003,10,False,50,50,0,0,0,17186.0,54074.0,1.0,{},0.0,0.0,0.0,none,0.0
75,hnsw_ef50,1.0,3.196,10,False,50,50,0,0,0,44970.0,97812.0,1.0,{},0.0,0.0,0.0,none,0.0
76,hnsw_ef50,0.9,3.387,9,False,50,50,0,0,0,63130.0,87984.0,1.0,{},0.0,0.0,0.0,none,0.0
77,hnsw_ef50,1.0,3.456,10,False,50,50,0,0,0,86269.0,112274.0,1.0,{},0.0,0.0,0.0,none,0.0
78,hnsw_ef50,1.0,3.585,10,False,50,50,0,0,0,51469.0,74257.0,1.0,{},0.0,0.0,0.0,none,0.0
79,hnsw_ef50,1.0,2.008,10,False,50,50,0,0,0,21953.0,47928.0,1.0,{},0.0,0.0,0.0,none,0.0
80,hnsw_ef50,1.0,3.225,10,False,50,50,0,0,0,21407.0,97059.0,1.0,{},0.0,0.0,0.0,none,0.0
81,hnsw_ef50,1.0,3.591,10,False,50,50,0,0,0,76629.0,94504.0,1.0,{},0.0,0.0,0.0,none,0.0
82,hnsw_ef50,1.0,3.942,10,False,50,50,0,0,0,73974.0,92780.0,1.0,{},0.0,0.0,0.0,none,0.0
83,hnsw_ef50,1.0,3.528,10,False,50,50,0,0,0,32981.0,71927.0,1.0,{},0.0,0.0,0.0,none,0.0
84,hnsw_ef50,1.0,3.747,10,False,50,50,0,0,0,37125.0,69971.0,1.0,{},0.0,0.0,0.0,none,0.0
85,hnsw_ef50,1.0,2.77,10,False,50,50,0,0,0,81286.0,156301.0,1.0,{},0.0,0.0,0.0,none,0.0
86,hnsw_ef50,1.0,2.615,10,False,50,50,0,0,0,50583.0,88690.0,1.0,{},0.0,0.0,0.0,none,0.0
87,hnsw_ef50,1.0,2.25,10,False,50,50,0,0,0,15267.0,83244.0,1.0,{},0.0,0.0,0.0,none,0.0
88,hnsw_ef50,1.0,2.042,10,False,50,50,0,0,0,5637.0,40609.0,1.0,{},0.0,0.0,0.0,none,0.0
89,hnsw_ef50,1.0,2.627,10,False,50,50,0,0,0,13118.0,47442.0,1.0,{},0.0,0.0,0.0,none,0.0
90,hnsw_ef50,1.0,2.97,10,False,50,50,0,0,0,2546.0,31244.0,1.0,{},0.0,0.0,0.0,none,0.0
91,hnsw_ef50,1.0,2.477,10,False,50,50,0,0,0,88820.0,118161.0,1.0,{},0.0,0.0,0.0,none,0.0
92,hnsw_ef50,1.0,3.52,10,False,50,50,0,0,0,20012.0,104917.0,1.0,{},0.0,0.0,0.0,none,0.0
93,hnsw_ef50,1.0,2.9099999999999997,10,False,50,50,0,0,0,55119.0,74990.0,1.0,{},0.0,0.0,0.0,none,0.0
94,hnsw_ef50,1.0,1.8699999999999999,10,False,50,50,0,0,0,25783.0,73191.0,1.0,{},0.0,0.0,0.0,none,0.0
95,hnsw_ef50,1.0,3.644,10,False,50,50,0,0,0,93264.0,111923.0,1.0,{},0.0,0.0,0.0,none,0.0
96,hnsw_ef50,0.9,3.613,9,False,50,50,0,0,0,81676.0,109284.0,1.0,{},0.0,0.0,0.0,none,0.0
97,hnsw_ef50,1.0,3.173,10,False,50,50,0,0,0,54537.0,103615.0,1.0,{},0.0,0.0,0.0,none,0.0
98,hnsw_ef50,1.0,2.1229999999999998,10,False,50,50,0,0,0,18887.0,23629.0,1.0,{},0.0,0.0,0.0,none,0.0
99,hnsw_ef50,1.0,3.276,10,False,50,50,0,0,0,34082.0,114241.0,1.0,{},0.0,0.0,0.0,none,0.0
0,hnsw_ef100,1.0,11.190999999999999,10,False,100,100,0,0,0,76608.0,98017.0,1.0,{},0.0,0.0,0.0,none,0.0
1,hnsw_ef100,1.0,8.16,10,False,100,100,0,0,0,65973.0,76936.0,1.0,{},0.0,0.0,0.0,none,0.0
2,hnsw_ef100,1.0,4.789,10,False,100,100,0,0,0,42740.0,61289.0,1.0,{},0.0,0.0,0.0,none,0.0
3,hnsw_ef100,1.0,10.696000000000002,10,False,100,100,0,0,0,46301.0,70326.0,1.0,{},0.0,0.0,0.0,none,0.0
4,hnsw_ef100,1.0,9.429,10,False,100,100,0,0,0,62755.0,81358.0,1.0,{},0.0,0.0,0.0,none,0.0
5,hnsw_ef100,1.0,7.027,10,False,100,100,0,0,0,75708.0,101335.0,1.0,{},0.0,0.0,0.0,none,0.0
6,hnsw_ef100,1.0,11.327,10,False,100,100,0,0,0,60816.0,72362.0,1.0,{},0.0,0.0,0.0,none,0.0
7,hnsw_ef100,1.0,4.517,10,False,100,100,0,0,0,30258.0,48728.0,1.0,{},0.0,0.0,0.0,none,0.0
8,hnsw_ef100,1.0,7.257000000000001,10,False,100,100,0,0,0,61739.0,74013.0,1.0,{},0.0,0.0,0.0,none,0.0
9,hnsw_ef100,1.0,6.787999999999999,10,False,100,100,0,0,0,62507.0,73480.0,1.0,{},0.0,0.0,0.0,none,0.0
10,hnsw_ef100,1.0,7.117,10,False,100,100,0,0,0,86367.0,104006.0,1.0,{},0.0,0.0,0.0,none,0.0
11,hnsw_ef100,1.0,6.466,10,False,100,100,0,0,0,29640.0,54141.0,1.0,{},0.0,0.0,0.0,none,0.0
12,hnsw_ef100,1.0,7.63,10,False,100,100,0,0,0,56906.0,68334.0,1.0,{},0.0,0.0,0.0,none,0.0
13,hnsw_ef100,1.0,7.401,10,False,100,100,0,0,0,59867.0,75645.0,1.0,{},0.0,0.0,0.0,none,0.0
14,hnsw_ef100,1.0,9.612,10,False,100,100,0,0,0,74702.0,93779.0,1.0,{},0.0,0.0,0.0,none,0.0
15,hnsw_ef100,1.0,6.2589999999999995,10,False,100,100,0,0,0,64355.0,68732.0,1.0,{},0.0,0.0,0.0,none,0.0
16,hnsw_ef100,1.0,6.5440000000000005,10,False,100,100,0,0,0,61603.0,70190.0,1.0,{},0.0,0.0,0.0,none,0.0
17,hnsw_ef100,1.0,7.026,10,False,100,100,0,0,0,64839.0,72546.0,1.0,{},0.0,0.0,0.0,none,0.0
18,hnsw_ef100,1.0,7.071,10,False,100,100,0,0,0,71230.0,78513.0,1.0,{},0.0,0.0,0.0,none,0.0
19,hnsw_ef100,1.0,7.382,10,False,100,100,0,0,0,50513.0,60190.0,1.0,{},0.0,0.0,0.0,none,0.0
20,hnsw_ef100,1.0,4.496,10,False,100,100,0,0,0,37243.0,44002.0,1.0,{},0.0,0.0,0.0,none,0.0
21,hnsw_ef100,1.0,6.607,10,False,100,100,0,0,0,6536.0,51865.0,1.0,{},0.0,0.0,0.0,none,0.0
22,hnsw_ef100,1.0,5.1770000000000005,10,False,100,100,0,0,0,29947.0,43724.0,1.0,{},0.0,0.0,0.0,none,0.0
23,hnsw_ef100,1.0,5.527,10,False,100,100,0,0,0,64486.0,69874.0,1.0,{},0.0,0.0,0.0,none,0.0
24,hnsw_ef100,1.0,6.702999999999999,10,False,100,100,0,0,0,23786.0,63044.0,1.0,{},0.0,0.0,0.0,none,0.0
25,hnsw_ef100,1.0,6.34,10,False,100,100,0,0,0,73772.0,95177.0,1.0,{},0.0,0.0,0.0,none,0.0
26,hnsw_ef100,1.0,6.714,10,False,100,100,0,0,0,33651.0,59115.0,1.0,{},0.0,0.0,0.0,none,0.0
27,hnsw_ef100,1.0,6.2509999999999994,10,False,100,100,0,0,0,30806.0,60091.0,1.0,{},0.0,0.0,0.0,none,0.0
28,hnsw_ef100,1.0,6.803,10,False,100,100,0,0,0,50562.0,61579.0,1.0,{},0.0,0.0,0.0,none,0.0
29,hnsw_ef100,1.0,3.314,10,False,100,100,0,0,0,15720.0,37712.0,1.0,{},0.0,0.0,0.0,none,0.0
30,hnsw_ef100,1.0,5.747999999999999,10,False,100,100,0,0,0,70425.0,77526.0,1.0,{},0.0,0.0,0.0,none,0.0
31,hnsw_ef100,1.0,6.105,10,False,100,100,0,0,0,11923.0,95245.0,1.0,{},0.0,0.0,0.0,none,0.0
32,hnsw_ef100,1.0,6.0569999999999995,10,False,100,100,0,0,0,35180.0,67794.0,1.0,{},0.0,0.0,0.0,none,0.0
33,hnsw_ef100,1.0,5.814,10,False,100,100,0,0,0,107767.0,133725.0,1.0,{},0.0,0.0,0.0,none,0.0
34,hnsw_ef100,1.0,6.372,10,False,100,100,0,0,0,61779.0,77653.0,1.0,{},0.0,0.0,0.0,none,0.0
35,hnsw_ef100,1.0,7.17,10,False,100,100,0,0,0,14635.0,92609.0,1.0,{},0.0,0.0,0.0,none,0.0
36,hnsw_ef100,1.0,7.267,10,False,100,100,0,0,0,12423.0,90796.0,1.0,{},0.0,0.0,0.0,none,0.0
37,hnsw_ef100,1.0,5.518999999999999,10,False,100,100,0,0,0,27841.0,102084.0,1.0,{},0.0,0.0,0.0,none,0.0
38,hnsw_ef100,1.0,6.386,10,False,100,100,0,0,0,24448.0,93294.0,1.0,{},0.0,0.0,0.0,none,0.0
39,hnsw_ef100,1.0,4.1209999999999996,10,False,100,100,0,0,0,37627.0,48147.0,1.0,{},0.0,0.0,0.0,none,0.0
40,hnsw_ef100,1.0,6.163,10,False,100,100,0,0,0,23582.0,77383.0,1.0,{},0.0,0.0,0.0,none,0.0
41,hnsw_ef100,1.0,3.7889999999999997,10,False,100,100,0,0,0,40198.0,50025.0,1.0,{},0.0,0.0,0.0,none,0.0
42,hnsw_ef100,1.0,6.556,10,False,100,100,0,0,0,56061.0,77258.0,1.0,{},0.0,0.0,0.0,none,0.0
43,hnsw_ef100,1.0,7.189,10,False,100,100,0,0,0,27337.0,86737.0,1.0,{},0.0,0.0,0.0,none,0.0
44,hnsw_ef100,1.0,5.124,10,False,100,100,0,0,0,65717.0,73924.0,1.0,{},0.0,0.0,0.0,none,0.0
45,hnsw_ef100,0.8,6.934,8,False,100,100,0,0,0,70577.0,78737.0,1.0,{},0.0,0.0,0.0,none,0.0
46,hnsw_ef100,1.0,4.3870000000000005,10,False,100,100,0,0,0,9926.0,58929.0,1.0,{},0.0,0.0,0.0,none,0.0
47,hnsw_ef100,1.0,7.754,10,False,100,100,0,0,0,86668.0,114233.0,1.0,{},0.0,0.0,0.0,none,0.0
48,hnsw_ef100,1.0,6.0169999999999995,10,False,100,100,0,0,0,24262.0,102124.0,1.0,{},0.0,0.0,0.0,none,0.0
49,hnsw_ef100,1.0,5.893,10,False,100,100,0,0,0,16585.0,54822.0,1.0,{},0.0,0.0,0.0,none,0.0
50,hnsw_ef100,1.0,5.709,10,False,100,100,0,0,0,32812.0,89218.0,1.0,{},0.0,0.0,0.0,none,0.0
51,hnsw_ef100,1.0,4.549,10,False,100,100,0,0,0,17112.0,66730.0,1.0,{},0.0,0.0,0.0,none,0.0
52,hnsw_ef100,1.0,6.39,10,False,100,100,0,0,0,39512.0,53497.0,1.0,{},0.0,0.0,0.0,none,0.0
53,hnsw_ef100,1.0,6.513,10,False,100,100,0,0,0,37705.0,66565.0,1.0,{},0.0,0.0,0.0,none,0.0
54,hnsw_ef100,1.0,2.943,10,False,100,100,0,0,0,25379.0,29993.0,1.0,{},0.0,0.0,0.0,none,0.0
55,hnsw_ef100,1.0,3.895,10,False,100,100,0,0,0,33872.0,52309.0,1.0,{},0.0,0.0,0.0,none,0.0
56,hnsw_ef100,1.0,6.197,10,False,100,100,0,0,0,36380.0,48758.0,1.0,{},0.0,0.0,0.0,none,0.0
57,hnsw_ef100,1.0,7.033,10,False,100,100,0,0,0,27938.0,62801.0,1.0,{},0.0,0.0,0.0,none,0.0
58,hnsw_ef100,1.0,6.061999999999999,10,False,100,100,0,0,0,4322.0,109499.0,1.0,{},0.0,0.0,0.0,none,0.0
59,hnsw_ef100,1.0,2.9299999999999997,10,False,100,100,0,0,0,13091.0,29119.0,1.0,{},0.0,0.0,0.0,none,0.0
60,hnsw_ef100,1.0,8.898,10,False,100,100,0,0,0,29005.0,81397.0,1.0,{},0.0,0.0,0.0,none,0.0
61,hnsw_ef100,1.0,9.536,10,False,100,100,0,0,0,19700.0,70796.0,1.0,{},0.0,0.0,0.0,none,0.0
62,hnsw_ef100,1.0,7.027,10,False,100,100,0,0,0,17332.0,59702.0,1.0,{},0.0,0.0,0.0,none,0.0
63,hnsw_ef100,1.0,6.385,10,False,100,100,0,0,0,9009.0,51518.0,1.0,{},0.0,0.0,0.0,none,0.0
64,hnsw_ef100,1.0,4.897,10,False,100,100,0,0,0,19120.0,69118.0,1.0,{},0.0,0.0,0.0,none,0.0
65,hnsw_ef100,1.0,4.015000000000001,10,False,100,100,0,0,0,30061.0,59443.0,1.0,{},0.0,0.0,0.0,none,0.0
66,hnsw_ef100,1.0,4.212,10,False,100,100,0,0,0,40347.0,85595.0,1.0,{},0.0,0.0,0.0,none,0.0
67,hnsw_ef100,1.0,5.0520000000000005,10,False,100,100,0,0,0,50277.0,77892.0,1.0,{},0.0,0.0,0.0,none,0.0
68,hnsw_ef100,1.0,4.51,10,False,100,100,0,0,0,40526.0,48625.0,1.0,{},0.0,0.0,0.0,none,0.0
69,hnsw_ef100,1.0,8.061,10,False,100,100,0,0,0,71189.0,87094.0,1.0,{},0.0,0.0,0.0,none,0.0
70,hnsw_ef100,1.0,8.102,10,False,100,100,0,0,0,2192.0,25387.0,1.0,{},0.0,0.0,0.0,none,0.0
71,hnsw_ef100,1.0,11.007,10,False,100,100,0,0,0,37510.0,76084.0,1.0,{},0.0,0.0,0.0,none,0.0
72,hnsw_ef100,1.0,11.075,10,False,100,100,0,0,0,91937.0,112634.0,1.0,{},0.0,0.0,0.0,none,0.0
73,hnsw_ef100,1.0,5.241,10,False,100,100,0,0,0,53111.0,91810.0,1.0,{},0.0,0.0,0.0,none,0.0
74,hnsw_ef100,1.0,6.793,10,False,100,100,0,0,0,17186.0,54074.0,1.0,{},0.0,0.0,0.0,none,0.0
75,hnsw_ef100,1.0,6.04,10,False,100,100,0,0,0,44970.0,97812.0,1.0,{},0.0,0.0,0.0,none,0.0
76,hnsw_ef100,1.0,5.561,10,False,100,100,0,0,0,63130.0,86181.0,1.0,{},0.0,0.0,0.0,none,0.0
77,hnsw_ef100,1.0,8.033999999999999,10,False,100,100,0,0,0,86269.0,112274.0,1.0,{},0.0,0.0,0.0,none,0.0
78,hnsw_ef100,1.0,7.312,10,False,100,100,0,0,0,51469.0,74257.0,1.0,{},0.0,0.0,0.0,none,0.0
79,hnsw_ef100,1.0,3.3249999999999997,10,False,100,100,0,0,0,21953.0,47928.0,1.0,{},0.0,0.0,0.0,none,0.0
80,hnsw_ef100,1.0,5.77,10,False,100,100,0,0,0,21407.0,97059.0,1.0,{},0.0,0.0,0.0,none,0.0
81,hnsw_ef100,1.0,8.466,10,False,100,100,0,0,0,76629.0,94504.0,1.0,{},0.0,0.0,0.0,none,0.0
82,hnsw_ef100,1.0,7.795,10,False,100,100,0,0,0,73974.0,92780.0,1.0,{},0.0,0.0,0.0,none,0.0
83,hnsw_ef100,1.0,7.414,10,False,100,100,0,0,0,32981.0,71927.0,1.0,{},0.0,0.0,0.0,none,0.0
84,hnsw_ef100,1.0,8.152,10,False,100,100,0,0,0,37125.0,69971.0,1.0,{},0.0,0.0,0.0,none,0.0
85,hnsw_ef100,1.0,6.388,10,False,100,100,0,0,0,81286.0,156301.0,1.0,{},0.0,0.0,0.0,none,0.0
86,hnsw_ef100,1.0,4.8580000000000005,10,False,100,100,0,0,0,50583.0,88690.0,1.0,{},0.0,0.0,0.0,none,0.0
87,hnsw_ef100,1.0,4.483,10,False,100,100,0,0,0,15267.0,83244.0,1.0,{},0.0,0.0,0.0,none,0.0
88,hnsw_ef100,1.0,5.675000000000001,10,False,100,100,0,0,0,5637.0,40609.0,1.0,{},0.0,0.0,0.0,none,0.0
89,hnsw_ef100,1.0,3.9610000000000003,10,False,100,100,0,0,0,13118.0,47442.0,1.0,{},0.0,0.0,0.0,none,0.0
90,hnsw_ef100,1.0,5.2139999999999995,10,False,100,100,0,0,0,2546.0,31244.0,1.0,{},0.0,0.0,0.0,none,0.0
91,hnsw_ef100,1.0,6.0600000000000005,10,False,100,100,0,0,0,88820.0,118161.0,1.0,{},0.0,0.0,0.0,none,0.0
92,hnsw_ef100,1.0,7.976000000000001,10,False,100,100,0,0,0,20012.0,104917.0,1.0,{},0.0,0.0,0.0,none,0.0
93,hnsw_ef100,1.0,4.477,10,False,100,100,0,0,0,55119.0,74990.0,1.0,{},0.0,0.0,0.0,none,0.0
94,hnsw_ef100,1.0,4.095,10,False,100,100,0,0,0,25783.0,73191.0,1.0,{},0.0,0.0,0.0,none,0.0
95,hnsw_ef100,1.0,7.218999999999999,10,False,100,100,0,0,0,93264.0,111923.0,1.0,{},0.0,0.0,0.0,none,0.0
96,hnsw_ef100,1.0,7.746,10,False,100,100,0,0,0,81676.0,109052.0,1.0,{},0.0,0.0,0.0,none,0.0
97,hnsw_ef100,1.0,9.016,10,False,100,100,0,0,0,54537.0,103615.0,1.0,{},0.0,0.0,0.0,none,0.0
98,hnsw_ef100,1.0,3.3579999999999997,10,False,100,100,0,0,0,18887.0,23629.0,1.0,{},0.0,0.0,0.0,none,0.0
99,hnsw_ef100,1.0,6.747000000000001,10,False,100,100,0,0,0,34082.0,114241.0,1.0,{},0.0,0.0,0.0,none,0.0
0,darth_Rt0.85,0.9,1.7550000000000001,9,True,0,100,0,0,0,0.0,0.0,0.0,{},0.0,0.0,0.0,none,0.0
1,darth_Rt0.85,0.8,0.915,8,True,0,100,0,0,0,0.0,0.0,0.0,{},0.0,0.0,0.0,none,0.0
2,darth_Rt0.85,0.9,1.987,9,True,0,100,0,0,0,0.0,0.0,0.0,{},0.0,0.0,0.0,none,0.0
3,darth_Rt0.85,0.9,2.023,9,True,0,100,0,0,0,0.0,0.0,0.0,{},0.0,0.0,0.0,none,0.0
4,darth_Rt0.85,1.0,1.2910000000000001,10,True,0,100,0,0,0,0.0,0.0,0.0,{},0.0,0.0,0.0,none,0.0
5,darth_Rt0.85,0.7,1.3639999999999999,7,True,0,100,0,0,0,0.0,0.0,0.0,{},0.0,0.0,0.0,none,0.0
6,darth_Rt0.85,1.0,1.387,10,True,0,100,0,0,0,0.0,0.0,0.0,{},0.0,0.0,0.0,none,0.0
7,darth_Rt0.85,1.0,2.347,10,True,0,100,0,0,0,0.0,0.0,0.0,{},0.0,0.0,0.0,none,0.0
8,darth_Rt0.85,0.5,1.181,5,True,0,100,0,0,0,0.0,0.0,0.0,{},0.0,0.0,0.0,none,0.0
9,darth_Rt0.85,1.0,1.36,10,True,0,100,0,0,0,0.0,0.0,0.0,{},0.0,0.0,0.0,none,0.0
10,darth_Rt0.85,0.8,1.198,8,True,0,100,0,0,0,0.0,0.0,0.0,{},0.0,0.0,0.0,none,0.0
11,darth_Rt0.85,0.9,1.327,9,True,0,100,0,0,0,0.0,0.0,0.0,{},0.0,0.0,0.0,none,0.0
12,darth_Rt0.85,0.9,1.279,9,True,0,100,0,0,0,0.0,0.0,0.0,{},0.0,0.0,0.0,none,0.0
13,darth_Rt0.85,0.9,9.681000000000001,9,True,0,100,0,0,0,0.0,0.0,0.0,{},0.0,0.0,0.0,none,0.0
14,darth_Rt0.85,0.9,1.304,9,True,0,100,0,0,0,0.0,0.0,0.0,{},0.0,0.0,0.0,none,0.0
15,darth_Rt0.85,0.9,1.02,9,True,0,100,0,0,0,0.0,0.0,0.0,{},0.0,0.0,0.0,none,0.0
16,darth_Rt0.85,0.9,1.358,9,True,0,100,0,0,0,0.0,0.0,0.0,{},0.0,0.0,0.0,none,0.0
17,darth_Rt0.85,1.0,1.219,10,True,0,100,0,0,0,0.0,0.0,0.0,{},0.0,0.0,0.0,none,0.0
18,darth_Rt0.85,0.8,1.206,8,True,0,100,0,0,0,0.0,0.0,0.0,{},0.0,0.0,0.0,none,0.0
19,darth_Rt0.85,0.9,1.9719999999999998,9,True,0,100,0,0,0,0.0,0.0,0.0,{},0.0,0.0,0.0,none,0.0
20,darth_Rt0.85,0.9,1.9620000000000002,9,True,0,100,0,0,0,0.0,0.0,0.0,{},0.0,0.0,0.0,none,0.0
21,darth_Rt0.85,1.0,3.185,10,True,0,100,0,0,0,0.0,0.0,0.0,{},0.0,0.0,0.0,none,0.0
22,darth_Rt0.85,1.0,0.9269999999999999,10,True,0,100,0,0,0,0.0,0.0,0.0,{},0.0,0.0,0.0,none,0.0
23,darth_Rt0.85,0.7,1.63,7,True,0,100,0,0,0,0.0,0.0,0.0,{},0.0,0.0,0.0,none,0.0
24,darth_Rt0.85,0.9,2.3640000000000003,9,True,0,100,0,0,0,0.0,0.0,0.0,{},0.0,0.0,0.0,none,0.0
25,darth_Rt0.85,0.8,1.075,8,True,0,100,0,0,0,0.0,0.0,0.0,{},0.0,0.0,0.0,none,0.0
26,darth_Rt0.85,1.0,1.3010000000000002,10,True,0,100,0,0,0,0.0,0.0,0.0,{},0.0,0.0,0.0,none,0.0
27,darth_Rt0.85,0.7,1.091,7,True,0,100,0,0,0,0.0,0.0,0.0,{},0.0,0.0,0.0,none,0.0
28,darth_Rt0.85,0.9,1.685,9,True,0,100,0,0,0,0.0,0.0,0.0,{},0.0,0.0,0.0,none,0.0
29,darth_Rt0.85,1.0,0.696,10,True,0,100,0,0,0,0.0,0.0,0.0,{},0.0,0.0,0.0,none,0.0
30,darth_Rt0.85,1.0,1.1,10,True,0,100,0,0,0,0.0,0.0,0.0,{},0.0,0.0,0.0,none,0.0
31,darth_Rt0.85,1.0,1.7,10,True,0,100,0,0,0,0.0,0.0,0.0,{},0.0,0.0,0.0,none,0.0
32,darth_Rt0.85,1.0,1.11,10,True,0,100,0,0,0,0.0,0.0,0.0,{},0.0,0.0,0.0,none,0.0
33,darth_Rt0.85,0.9,0.914,9,True,0,100,0,0,0,0.0,0.0,0.0,{},0.0,0.0,0.0,none,0.0
34,darth_Rt0.85,0.9,1.459,9,True,0,100,0,0,0,0.0,0.0,0.0,{},0.0,0.0,0.0,none,0.0
35,darth_Rt0.85,1.0,1.161,10,True,0,100,0,0,0,0.0,0.0,0.0,{},0.0,0.0,0.0,none,0.0
36,darth_Rt0.85,0.9,1.008,9,True,0,100,0,0,0,0.0,0.0,0.0,{},0.0,0.0,0.0,none,0.0
37,darth_Rt0.85,1.0,1.183,10,True,0,100,0,0,0,0.0,0.0,0.0,{},0.0,0.0,0.0,none,0.0
38,darth_Rt0.85,0.9,1.08,9,True,0,100,0,0,0,0.0,0.0,0.0,{},0.0,0.0,0.0,none,0.0
39,darth_Rt0.85,0.8,1.0250000000000001,8,True,0,100,0,0,0,0.0,0.0,0.0,{},0.0,0.0,0.0,none,0.0
40,darth_Rt0.85,0.9,0.8180000000000001,9,True,0,100,0,0,0,0.0,0.0,0.0,{},0.0,0.0,0.0,none,0.0
41,darth_Rt0.85,0.9,0.949,9,True,0,100,0,0,0,0.0,0.0,0.0,{},0.0,0.0,0.0,none,0.0
42,darth_Rt0.85,1.0,1.7,10,True,0,100,0,0,0,0.0,0.0,0.0,{},0.0,0.0,0.0,none,0.0
43,darth_Rt0.85,1.0,1.3840000000000001,10,True,0,100,0,0,0,0.0,0.0,0.0,{},0.0,0.0,0.0,none,0.0
44,darth_Rt0.85,1.0,1.163,10,True,0,100,0,0,0,0.0,0.0,0.0,{},0.0,0.0,0.0,none,0.0
45,darth_Rt0.85,0.7,1.1329999999999998,7,True,0,100,0,0,0,0.0,0.0,0.0,{},0.0,0.0,0.0,none,0.0
46,darth_Rt0.85,0.9,1.044,9,True,0,100,0,0,0,0.0,0.0,0.0,{},0.0,0.0,0.0,none,0.0
47,darth_Rt0.85,0.9,1.498,9,True,0,100,0,0,0,0.0,0.0,0.0,{},0.0,0.0,0.0,none,0.0
48,darth_Rt0.85,0.9,1.039,9,True,0,100,0,0,0,0.0,0.0,0.0,{},0.0,0.0,0.0,none,0.0
49,darth_Rt0.85,1.0,1.011,10,True,0,100,0,0,0,0.0,0.0,0.0,{},0.0,0.0,0.0,none,0.0
50,darth_Rt0.85,1.0,1.066,10,True,0,100,0,0,0,0.0,0.0,0.0,{},0.0,0.0,0.0,none,0.0
51,darth_Rt0.85,1.0,1.0050000000000001,10,True,0,100,0,0,0,0.0,0.0,0.0,{},0.0,0.0,0.0,none,0.0
52,darth_Rt0.85,0.8,1.248,8,True,0,100,0,0,0,0.0,0.0,0.0,{},0.0,0.0,0.0,none,0.0
53,darth_Rt0.85,0.5,1.037,5,True,0,100,0,0,0,0.0,0.0,0.0,{},0.0,0.0,0.0,none,0.0
54,darth_Rt0.85,0.9,0.48000000000000004,9,True,0,100,0,0,0,0.0,0.0,0.0,{},0.0,0.0,0.0,none,0.0
55,darth_Rt0.85,0.9,0.744,9,True,0,100,0,0,0,0.0,0.0,0.0,{},0.0,0.0,0.0,none,0.0
56,darth_Rt0.85,0.8,1.139,8,True,0,100,0,0,0,0.0,0.0,0.0,{},0.0,0.0,0.0,none,0.0
57,darth_Rt0.85,0.7,1.4369999999999998,7,True,0,100,0,0,0,0.0,0.0,0.0,{},0.0,0.0,0.0,none,0.0
58,darth_Rt0.85,0.9,0.884,9,True,0,100,0,0,0,0.0,0.0,0.0,{},0.0,0.0,0.0,none,0.0
59,darth_Rt0.85,1.0,0.5630000000000001,10,True,0,100,0,0,0,0.0,0.0,0.0,{},0.0,0.0,0.0,none,0.0
60,darth_Rt0.85,1.0,1.4009999999999998,10,True,0,100,0,0,0,0.0,0.0,0.0,{},0.0,0.0,0.0,none,0.0
61,darth_Rt0.85,1.0,0.8989999999999999,10,True,0,100,0,0,0,0.0,0.0,0.0,{},0.0,0.0,0.0,none,0.0
62,darth_Rt0.85,0.9,0.5559999999999999,9,True,0,100,0,0,0,0.0,0.0,0.0,{},0.0,0.0,0.0,none,0.0
63,darth_Rt0.85,1.0,0.742,10,True,0,100,0,0,0,0.0,0.0,0.0,{},0.0,0.0,0.0,none,0.0
64,darth_Rt0.85,1.0,0.71,10,True,0,100,0,0,0,0.0,0.0,0.0,{},0.0,0.0,0.0,none,0.0
65,darth_Rt0.85,0.8,0.739,8,True,0,100,0,0,0,0.0,0.0,0.0,{},0.0,0.0,0.0,none,0.0
66,darth_Rt0.85,1.0,0.786,10,True,0,100,0,0,0,0.0,0.0,0.0,{},0.0,0.0,0.0,none,0.0
67,darth_Rt0.85,0.9,0.6880000000000001,9,True,0,100,0,0,0,0.0,0.0,0.0,{},0.0,0.0,0.0,none,0.0
68,darth_Rt0.85,0.8,0.9430000000000001,8,True,0,100,0,0,0,0.0,0.0,0.0,{},0.0,0.0,0.0,none,0.0
69,darth_Rt0.85,0.6,0.985,6,True,0,100,0,0,0,0.0,0.0,0.0,{},0.0,0.0,0.0,none,0.0
70,darth_Rt0.85,0.9,0.5379999999999999,9,True,0,100,0,0,0,0.0,0.0,0.0,{},0.0,0.0,0.0,none,0.0
71,darth_Rt0.85,0.9,0.795,9,True,0,100,0,0,0,0.0,0.0,0.0,{},0.0,0.0,0.0,none,0.0
72,darth_Rt0.85,0.9,1.468,9,True,0,100,0,0,0,0.0,0.0,0.0,{},0.0,0.0,0.0,none,0.0
73,darth_Rt0.85,1.0,0.9790000000000001,10,True,0,100,0,0,0,0.0,0.0,0.0,{},0.0,0.0,0.0,none,0.0
74,darth_Rt0.85,0.9,1.2409999999999999,9,True,0,100,0,0,0,0.0,0.0,0.0,{},0.0,0.0,0.0,none,0.0
75,darth_Rt0.85,1.0,0.794,10,True,0,100,0,0,0,0.0,0.0,0.0,{},0.0,0.0,0.0,none,0.0
76,darth_Rt0.85,0.9,1.24,9,True,0,100,0,0,0,0.0,0.0,0.0,{},0.0,0.0,0.0,none,0.0
77,darth_Rt0.85,0.9,1.1789999999999998,9,True,0,100,0,0,0,0.0,0.0,0.0,{},0.0,0.0,0.0,none,0.0
78,darth_Rt0.85,0.9,1.418,9,True,0,100,0,0,0,0.0,0.0,0.0,{},0.0,0.0,0.0,none,0.0
79,darth_Rt0.85,0.9,0.642,9,True,0,100,0,0,0,0.0,0.0,0.0,{},0.0,0.0,0.0,none,0.0
80,darth_Rt0.85,1.0,0.998,10,True,0,100,0,0,0,0.0,0.0,0.0,{},0.0,0.0,0.0,none,0.0
81,darth_Rt0.85,0.9,0.987,9,True,0,100,0,0,0,0.0,0.0,0.0,{},0.0,0.0,0.0,none,0.0
82,darth_Rt0.85,0.8,1.324,8,True,0,100,0,0,0,0.0,0.0,0.0,{},0.0,0.0,0.0,none,0.0
83,darth_Rt0.85,0.9,0.8540000000000001,9,True,0,100,0,0,0,0.0,0.0,0.0,{},0.0,0.0,0.0,none,0.0
84,darth_Rt0.85,1.0,1.331,10,True,0,100,0,0,0,0.0,0.0,0.0,{},0.0,0.0,0.0,none,0.0
85,darth_Rt0.85,1.0,0.745,10,True,0,100,0,0,0,0.0,0.0,0.0,{},0.0,0.0,0.0,none,0.0
86,darth_Rt0.85,0.9,0.76,9,True,0,100,0,0,0,0.0,0.0,0.0,{},0.0,0.0,0.0,none,0.0
87,darth_Rt0.85,0.9,0.617,9,True,0,100,0,0,0,0.0,0.0,0.0,{},0.0,0.0,0.0,none,0.0
88,darth_Rt0.85,0.9,0.605,9,True,0,100,0,0,0,0.0,0.0,0.0,{},0.0,0.0,0.0,none,0.0
89,darth_Rt0.85,0.9,0.755,9,True,0,100,0,0,0,0.0,0.0,0.0,{},0.0,0.0,0.0,none,0.0
90,darth_Rt0.85,0.9,0.804,9,True,0,100,0,0,0,0.0,0.0,0.0,{},0.0,0.0,0.0,none,0.0
91,darth_Rt0.85,0.8,0.86,8,True,0,100,0,0,0,0.0,0.0,0.0,{},0.0,0.0,0.0,none,0.0
92,darth_Rt0.85,1.0,0.93,10,True,0,100,0,0,0,0.0,0.0,0.0,{},0.0,0.0,0.0,none,0.0
93,darth_Rt0.85,1.0,1.004,10,True,0,100,0,0,0,0.0,0.0,0.0,{},0.0,0.0,0.0,none,0.0
94,darth_Rt0.85,1.0,0.553,10,True,0,100,0,0,0,0.0,0.0,0.0,{},0.0,0.0,0.0,none,0.0
95,darth_Rt0.85,0.8,1.125,8,True,0,100,0,0,0,0.0,0.0,0.0,{},0.0,0.0,0.0,none,0.0
96,darth_Rt0.85,0.6,1.16,6,True,0,100,0,0,0,0.0,0.0,0.0,{},0.0,0.0,0.0,none,0.0
97,darth_Rt0.85,0.8,1.045,8,True,0,100,0,0,0,0.0,0.0,0.0,{},0.0,0.0,0.0,none,0.0
98,darth_Rt0.85,1.0,0.866,10,True,0,100,0,0,0,0.0,0.0,0.0,{},0.0,0.0,0.0,none,0.0
99,darth_Rt0.85,1.0,0.9309999999999999,10,True,0,100,0,0,0,0.0,0.0,0.0,{},0.0,0.0,0.0,none,0.0
0,darth_Rt0.9,0.9,1.692,9,True,0,100,0,0,0,0.0,0.0,0.0,{},0.0,0.0,0.0,none,0.0
1,darth_Rt0.9,0.8,0.914,8,True,0,100,0,0,0,0.0,0.0,0.0,{},0.0,0.0,0.0,none,0.0
2,darth_Rt0.9,0.9,0.911,9,True,0,100,0,0,0,0.0,0.0,0.0,{},0.0,0.0,0.0,none,0.0
3,darth_Rt0.9,0.9,0.9380000000000001,9,True,0,100,0,0,0,0.0,0.0,0.0,{},0.0,0.0,0.0,none,0.0
4,darth_Rt0.9,1.0,1.242,10,True,0,100,0,0,0,0.0,0.0,0.0,{},0.0,0.0,0.0,none,0.0
5,darth_Rt0.9,0.7,3.77,7,True,0,100,0,0,0,0.0,0.0,0.0,{},0.0,0.0,0.0,none,0.0
6,darth_Rt0.9,1.0,4.153,10,True,0,100,0,0,0,0.0,0.0,0.0,{},0.0,0.0,0.0,none,0.0
7,darth_Rt0.9,1.0,0.929,10,True,0,100,0,0,0,0.0,0.0,0.0,{},0.0,0.0,0.0,none,0.0
8,darth_Rt0.9,0.5,1.15,5,True,0,100,0,0,0,0.0,0.0,0.0,{},0.0,0.0,0.0,none,0.0
9,darth_Rt0.9,1.0,1.314,10,True,0,100,0,0,0,0.0,0.0,0.0,{},0.0,0.0,0.0,none,0.0
10,darth_Rt0.9,0.8,1.176,8,True,0,100,0,0,0,0.0,0.0,0.0,{},0.0,0.0,0.0,none,0.0
11,darth_Rt0.9,0.9,1.3290000000000002,9,True,0,100,0,0,0,0.0,0.0,0.0,{},0.0,0.0,0.0,none,0.0
12,darth_Rt0.9,0.9,1.2069999999999999,9,True,0,100,0,0,0,0.0,0.0,0.0,{},0.0,0.0,0.0,none,0.0
13,darth_Rt0.9,0.9,1.271,9,True,0,100,0,0,0,0.0,0.0,0.0,{},0.0,0.0,0.0,none,0.0
14,darth_Rt0.9,0.9,1.173,9,True,0,100,0,0,0,0.0,0.0,0.0,{},0.0,0.0,0.0,none,0.0
15,darth_Rt0.9,0.9,4.012,9,True,0,100,0,0,0,0.0,0.0,0.0,{},0.0,0.0,0.0,none,0.0
16,darth_Rt0.9,0.9,1.3339999999999999,9,True,0,100,0,0,0,0.0,0.0,0.0,{},0.0,0.0,0.0,none,0.0
17,darth_Rt0.9,1.0,1.331,10,True,0,100,0,0,0,0.0,0.0,0.0,{},0.0,0.0,0.0,none,0.0
18,darth_Rt0.9,0.8,1.342,8,True,0,100,0,0,0,0.0,0.0,0.0,{},0.0,0.0,0.0,none,0.0
19,darth_Rt0.9,0.9,3.094,9,True,0,100,0,0,0,0.0,0.0,0.0,{},0.0,0.0,0.0,none,0.0
20,darth_Rt0.9,0.9,0.998,9,True,0,100,0,0,0,0.0,0.0,0.0,{},0.0,0.0,0.0,none,0.0
21,darth_Rt0.9,1.0,1.1260000000000001,10,True,0,100,0,0,0,0.0,0.0,0.0,{},0.0,0.0,0.0,none,0.0
22,darth_Rt0.9,1.0,0.9269999999999999,10,True,0,100,0,0,0,0.0,0.0,0.0,{},0.0,0.0,0.0,none,0.0
23,darth_Rt0.9,0.7,0.874,7,True,0,100,0,0,0,0.0,0.0,0.0,{},0.0,0.0,0.0,none,0.0
24,darth_Rt0.9,0.9,1.0579999999999998,9,True,0,100,0,0,0,0.0,0.0,0.0,{},0.0,0.0,0.0,none,0.0
25,darth_Rt0.9,0.8,2.401,8,True,0,100,0,0,0,0.0,0.0,0.0,{},0.0,0.0,0.0,none,0.0
26,darth_Rt0.9,1.0,1.314,10,True,0,100,0,0,0,0.0,0.0,0.0,{},0.0,0.0,0.0,none,0.0
27,darth_Rt0.9,0.7,1.093,7,True,0,100,0,0,0,0.0,0.0,0.0,{},0.0,0.0,0.0,none,0.0
28,darth_Rt0.9,0.9,1.477,9,True,0,100,0,0,0,0.0,0.0,0.0,{},0.0,0.0,0.0,none,0.0
29,darth_Rt0.9,1.0,0.6719999999999999,10,True,0,100,0,0,0,0.0,0.0,0.0,{},0.0,0.0,0.0,none,0.0
30,darth_Rt0.9,1.0,1.776,10,True,0,100,0,0,0,0.0,0.0,0.0,{},0.0,0.0,0.0,none,0.0
31,darth_Rt0.9,1.0,1.2429999999999999,10,True,0,100,0,0,0,0.0,0.0,0.0,{},0.0,0.0,0.0,none,0.0
32,darth_Rt0.9,1.0,1.618,10,True,0,100,0,0,0,0.0,0.0,0.0,{},0.0,0.0,0.0,none,0.0
33,darth_Rt0.9,0.9,0.9560000000000001,9,True,0,100,0,0,0,0.0,0.0,0.0,{},0.0,0.0,0.0,none,0.0
34,darth_Rt0.9,0.9,1.262,9,True,0,100,0,0,0,0.0,0.0,0.0,{},0.0,0.0,0.0,none,0.0
35,darth_Rt0.9,1.0,1.138,10,True,0,100,0,0,0,0.0,0.0,0.0,{},0.0,0.0,0.0,none,0.0
36,darth_Rt0.9,0.9,1.702,9,True,0,100,0,0,0,0.0,0.0,0.0,{},0.0,0.0,0.0,none,0.0
37,darth_Rt0.9,1.0,1.24,10,True,0,100,0,0,0,0.0,0.0,0.0,{},0.0,0.0,0.0,none,0.0
38,darth_Rt0.9,0.9,1.091,9,True,0,100,0,0,0,0.0,0.0,0.0,{},0.0,0.0,0.0,none,0.0
39,darth_Rt0.9,0.8,1.039,8,True,0,100,0,0,0,0.0,0.0,0.0,{},0.0,0.0,0.0,none,0.0
40,darth_Rt0.9,0.9,0.843,9,True,0,100,0,0,0,0.0,0.0,0.0,{},0.0,0.0,0.0,none,0.0
41,darth_Rt0.9,0.9,0.971,9,True,0,100,0,0,0,0.0,0.0,0.0,{},0.0,0.0,0.0,none,0.0
42,darth_Rt0.9,1.0,1.417,10,True,0,100,0,0,0,0.0,0.0,0.0,{},0.0,0.0,0.0,none,0.0
43,darth_Rt0.9,1.0,1.338,10,True,0,100,0,0,0,0.0,0.0,0.0,{},0.0,0.0,0.0,none,0.0
44,darth_Rt0.9,1.0,1.1509999999999998,10,True,0,100,0,0,0,0.0,0.0,0.0,{},0.0,0.0,0.0,none,0.0
45,darth_Rt0.9,0.7,1.4749999999999999,7,True,0,100,0,0,0,0.0,0.0,0.0,{},0.0,0.0,0.0,none,0.0
46,darth_Rt0.9,0.9,0.893,9,True,0,100,0,0,0,0.0,0.0,0.0,{},0.0,0.0,0.0,none,0.0
47,darth_Rt0.9,0.9,1.633,9,True,0,100,0,0,0,0.0,0.0,0.0,{},0.0,0.0,0.0,none,0.0
48,darth_Rt0.9,0.9,1.062,9,True,0,100,0,0,0,0.0,0.0,0.0,{},0.0,0.0,0.0,none,0.0
49,darth_Rt0.9,1.0,1.4649999999999999,10,True,0,100,0,0,0,0.0,0.0,0.0,{},0.0,0.0,0.0,none,0.0
50,darth_Rt0.9,1.0,1.2229999999999999,10,True,0,100,0,0,0,0.0,0.0,0.0,{},0.0,0.0,0.0,none,0.0
51,darth_Rt0.9,1.0,1.021,10,True,0,100,0,0,0,0.0,0.0,0.0,{},0.0,0.0,0.0,none,0.0
52,darth_Rt0.9,0.8,1.224,8,True,0,100,0,0,0,0.0,0.0,0.0,{},0.0,0.0,0.0,none,0.0
53,darth_Rt0.9,0.5,1.087,5,True,0,100,0,0,0,0.0,0.0,0.0,{},0.0,0.0,0.0,none,0.0
54,darth_Rt0.9,0.9,0.486,9,True,0,100,0,0,0,0.0,0.0,0.0,{},0.0,0.0,0.0,none,0.0
55,darth_Rt0.9,0.9,0.767,9,True,0,100,0,0,0,0.0,0.0,0.0,{},0.0,0.0,0.0,none,0.0
56,darth_Rt0.9,0.8,1.129,8,True,0,100,0,0,0,0.0,0.0,0.0,{},0.0,0.0,0.0,none,0.0
57,darth_Rt0.9,0.7,1.1329999999999998,7,True,0,100,0,0,0,0.0,0.0,0.0,{},0.0,0.0,0.0,none,0.0
58,darth_Rt0.9,0.9,0.7789999999999999,9,True,0,100,0,0,0,0.0,0.0,0.0,{},0.0,0.0,0.0,none,0.0
59,darth_Rt0.9,1.0,0.553,10,True,0,100,0,0,0,0.0,0.0,0.0,{},0.0,0.0,0.0,none,0.0
60,darth_Rt0.9,1.0,1.4220000000000002,10,True,0,100,0,0,0,0.0,0.0,0.0,{},0.0,0.0,0.0,none,0.0
61,darth_Rt0.9,1.0,0.921,10,True,0,100,0,0,0,0.0,0.0,0.0,{},0.0,0.0,0.0,none,0.0
62,darth_Rt0.9,0.9,0.571,9,True,0,100,0,0,0,0.0,0.0,0.0,{},0.0,0.0,0.0,none,0.0
63,darth_Rt0.9,1.0,0.764,10,True,0,100,0,0,0,0.0,0.0,0.0,{},0.0,0.0,0.0,none,0.0
64,darth_Rt0.9,1.0,0.9510000000000001,10,True,0,100,0,0,0,0.0,0.0,0.0,{},0.0,0.0,0.0,none,0.0
65,darth_Rt0.9,0.8,0.768,8,True,0,100,0,0,0,0.0,0.0,0.0,{},0.0,0.0,0.0,none,0.0
66,darth_Rt0.9,1.0,0.937,10,True,0,100,0,0,0,0.0,0.0,0.0,{},0.0,0.0,0.0,none,0.0
67,darth_Rt0.9,0.9,0.713,9,True,0,100,0,0,0,0.0,0.0,0.0,{},0.0,0.0,0.0,none,0.0
68,darth_Rt0.9,0.8,0.9309999999999999,8,True,0,100,0,0,0,0.0,0.0,0.0,{},0.0,0.0,0.0,none,0.0
69,darth_Rt0.9,0.6,0.977,6,True,0,100,0,0,0,0.0,0.0,0.0,{},0.0,0.0,0.0,none,0.0
70,darth_Rt0.9,0.9,0.5379999999999999,9,True,0,100,0,0,0,0.0,0.0,0.0,{},0.0,0.0,0.0,none,0.0
71,darth_Rt0.9,0.9,0.8059999999999999,9,True,0,100,0,0,0,0.0,0.0,0.0,{},0.0,0.0,0.0,none,0.0
72,darth_Rt0.9,0.9,1.495,9,True,0,100,0,0,0,0.0,0.0,0.0,{},0.0,0.0,0.0,none,0.0
73,darth_Rt0.9,1.0,1.004,10,True,0,100,0,0,0,0.0,0.0,0.0,{},0.0,0.0,0.0,none,0.0
74,darth_Rt0.9,0.9,1.201,9,True,0,100,0,0,0,0.0,0.0,0.0,{},0.0,0.0,0.0,none,0.0
75,darth_Rt0.9,1.0,0.862,10,True,0,100,0,0,0,0.0,0.0,0.0,{},0.0,0.0,0.0,none,0.0
76,darth_Rt0.9,0.9,1.237,9,True,0,100,0,0,0,0.0,0.0,0.0,{},0.0,0.0,0.0,none,0.0
77,darth_Rt0.9,0.9,1.158,9,True,0,100,0,0,0,0.0,0.0,0.0,{},0.0,0.0,0.0,none,0.0
78,darth_Rt0.9,0.9,1.037,9,True,0,100,0,0,0,0.0,0.0,0.0,{},0.0,0.0,0.0,none,0.0
79,darth_Rt0.9,0.9,0.474,9,True,0,100,0,0,0,0.0,0.0,0.0,{},0.0,0.0,0.0,none,0.0
80,darth_Rt0.9,1.0,0.982,10,True,0,100,0,0,0,0.0,0.0,0.0,{},0.0,0.0,0.0,none,0.0
81,darth_Rt0.9,0.9,0.973,9,True,0,100,0,0,0,0.0,0.0,0.0,{},0.0,0.0,0.0,none,0.0
82,darth_Rt0.9,0.8,1.4120000000000001,8,True,0,100,0,0,0,0.0,0.0,0.0,{},0.0,0.0,0.0,none,0.0
83,darth_Rt0.9,0.9,0.933,9,True,0,100,0,0,0,0.0,0.0,0.0,{},0.0,0.0,0.0,none,0.0
84,darth_Rt0.9,1.0,1.1520000000000001,10,True,0,100,0,0,0,0.0,0.0,0.0,{},0.0,0.0,0.0,none,0.0
85,darth_Rt0.9,1.0,0.742,10,True,0,100,0,0,0,0.0,0.0,0.0,{},0.0,0.0,0.0,none,0.0
86,darth_Rt0.9,0.9,0.7929999999999999,9,True,0,100,0,0,0,0.0,0.0,0.0,{},0.0,0.0,0.0,none,0.0
87,darth_Rt0.9,0.9,0.628,9,True,0,100,0,0,0,0.0,0.0,0.0,{},0.0,0.0,0.0,none,0.0
88,darth_Rt0.9,0.9,0.611,9,True,0,100,0,0,0,0.0,0.0,0.0,{},0.0,0.0,0.0,none,0.0
89,darth_Rt0.9,0.9,0.773,9,True,0,100,0,0,0,0.0,0.0,0.0,{},0.0,0.0,0.0,none,0.0
90,darth_Rt0.9,0.9,0.8170000000000001,9,True,0,100,0,0,0,0.0,0.0,0.0,{},0.0,0.0,0.0,none,0.0
91,darth_Rt0.9,0.8,0.754,8,True,0,100,0,0,0,0.0,0.0,0.0,{},0.0,0.0,0.0,none,0.0
92,darth_Rt0.9,1.0,0.925,10,True,0,100,0,0,0,0.0,0.0,0.0,{},0.0,0.0,0.0,none,0.0
93,darth_Rt0.9,1.0,1.0790000000000002,10,True,0,100,0,0,0,0.0,0.0,0.0,{},0.0,0.0,0.0,none,0.0
94,darth_Rt0.9,1.0,0.5640000000000001,10,True,0,100,0,0,0,0.0,0.0,0.0,{},0.0,0.0,0.0,none,0.0
95,darth_Rt0.9,0.8,1.0330000000000001,8,True,0,100,0,0,0,0.0,0.0,0.0,{},0.0,0.0,0.0,none,0.0
96,darth_Rt0.9,0.6,1.195,6,True,0,100,0,0,0,0.0,0.0,0.0,{},0.0,0.0,0.0,none,0.0
97,darth_Rt0.9,0.8,1.0410000000000001,8,True,0,100,0,0,0,0.0,0.0,0.0,{},0.0,0.0,0.0,none,0.0
98,darth_Rt0.9,1.0,0.87,10,True,0,100,0,0,0,0.0,0.0,0.0,{},0.0,0.0,0.0,none,0.0
99,darth_Rt0.9,1.0,0.969,10,True,0,100,0,0,0,0.0,0.0,0.0,{},0.0,0.0,0.0,none,0.0
0,darth_Rt0.95,0.9,1.681,9,True,0,100,0,0,0,0.0,0.0,0.0,{},0.0,0.0,0.0,none,0.0
1,darth_Rt0.95,0.8,0.915,8,True,0,100,0,0,0,0.0,0.0,0.0,{},0.0,0.0,0.0,none,0.0
2,darth_Rt0.95,0.9,1.028,9,True,0,100,0,0,0,0.0,0.0,0.0,{},0.0,0.0,0.0,none,0.0
3,darth_Rt0.95,0.9,0.977,9,True,0,100,0,0,0,0.0,0.0,0.0,{},0.0,0.0,0.0,none,0.0
4,darth_Rt0.95,1.0,1.259,10,True,0,100,0,0,0,0.0,0.0,0.0,{},0.0,0.0,0.0,none,0.0
5,darth_Rt0.95,0.7,3.8890000000000002,7,True,0,100,0,0,0,0.0,0.0,0.0,{},0.0,0.0,0.0,none,0.0
6,darth_Rt0.95,1.0,5.218,10,True,0,100,0,0,0,0.0,0.0,0.0,{},0.0,0.0,0.0,none,0.0
7,darth_Rt0.95,1.0,3.053,10,True,0,100,0,0,0,0.0,0.0,0.0,{},0.0,0.0,0.0,none,0.0
8,darth_Rt0.95,0.5,1.176,5,True,0,100,0,0,0,0.0,0.0,0.0,{},0.0,0.0,0.0,none,0.0
9,darth_Rt0.95,1.0,1.323,10,True,0,100,0,0,0,0.0,0.0,0.0,{},0.0,0.0,0.0,none,0.0
10,darth_Rt0.95,0.8,1.186,8,True,0,100,0,0,0,0.0,0.0,0.0,{},0.0,0.0,0.0,none,0.0
11,darth_Rt0.95,0.9,1.3339999999999999,9,True,0,100,0,0,0,0.0,0.0,0.0,{},0.0,0.0,0.0,none,0.0
12,darth_Rt0.95,0.9,1.2069999999999999,9,True,0,100,0,0,0,0.0,0.0,0.0,{},0.0,0.0,0.0,none,0.0
13,darth_Rt0.95,0.9,1.284,9,True,0,100,0,0,0,0.0,0.0,0.0,{},0.0,0.0,0.0,none,0.0
14,darth_Rt0.95,0.9,1.1820000000000002,9,True,0,100,0,0,0,0.0,0.0,0.0,{},0.0,0.0,0.0,none,0.0
15,darth_Rt0.95,0.9,1.3190000000000002,9,True,0,100,0,0,0,0.0,0.0,0.0,{},0.0,0.0,0.0,none,0.0
16,darth_Rt0.95,0.9,2.8739999999999997,9,True,0,100,0,0,0,0.0,0.0,0.0,{},0.0,0.0,0.0,none,0.0
17,darth_Rt0.95,1.0,1.6219999999999999,10,True,0,100,0,0,0,0.0,0.0,0.0,{},0.0,0.0,0.0,none,0.0
18,darth_Rt0.95,0.8,1.276,8,True,0,100,0,0,0,0.0,0.0,0.0,{},0.0,0.0,0.0,none,0.0
19,darth_Rt0.95,0.9,1.198,9,True,0,100,0,0,0,0.0,0.0,0.0,{},0.0,0.0,0.0,none,0.0
20,darth_Rt0.95,0.9,0.948,9,True,0,100,0,0,0,0.0,0.0,0.0,{},0.0,0.0,0.0,none,0.0
21,darth_Rt0.95,1.0,1.089,10,True,0,100,0,0,0,0.0,0.0,0.0,{},0.0,0.0,0.0,none,0.0
22,darth_Rt0.95,1.0,0.9309999999999999,10,True,0,100,0,0,0,0.0,0.0,0.0,{},0.0,0.0,0.0,none,0.0
23,darth_Rt0.95,0.7,0.865,7,True,0,100,0,0,0,0.0,0.0,0.0,{},0.0,0.0,0.0,none,0.0
24,darth_Rt0.95,0.9,1.036,9,True,0,100,0,0,0,0.0,0.0,0.0,{},0.0,0.0,0.0,none,0.0
25,darth_Rt0.95,0.8,0.987,8,True,0,100,0,0,0,0.0,0.0,0.0,{},0.0,0.0,0.0,none,0.0
26,darth_Rt0.95,1.0,1.272,10,True,0,100,0,0,0,0.0,0.0,0.0,{},0.0,0.0,0.0,none,0.0
27,darth_Rt0.95,0.7,1.0790000000000002,7,True,0,100,0,0,0,0.0,0.0,0.0,{},0.0,0.0,0.0,none,0.0
28,darth_Rt0.95,0.9,1.392,9,True,0,100,0,0,0,0.0,0.0,0.0,{},0.0,0.0,0.0,none,0.0
29,darth_Rt0.95,1.0,0.678,10,True,0,100,0,0,0,0.0,0.0,0.0,{},0.0,0.0,0.0,none,0.0
30,darth_Rt0.95,1.0,1.221,10,True,0,100,0,0,0,0.0,0.0,0.0,{},0.0,0.0,0.0,none,0.0
31,darth_Rt0.95,1.0,1.065,10,True,0,100,0,0,0,0.0,0.0,0.0,{},0.0,0.0,0.0,none,0.0
32,darth_Rt0.95,1.0,1.432,10,True,0,100,0,0,0,0.0,0.0,0.0,{},0.0,0.0,0.0,none,0.0
33,darth_Rt0.95,0.9,0.9269999999999999,9,True,0,100,0,0,0,0.0,0.0,0.0,{},0.0,0.0,0.0,none,0.0
34,darth_Rt0.95,0.9,1.2550000000000001,9,True,0,100,0,0,0,0.0,0.0,0.0,{},0.0,0.0,0.0,none,0.0
35,darth_Rt0.95,1.0,1.107,10,True,0,100,0,0,0,0.0,0.0,0.0,{},0.0,0.0,0.0,none,0.0
36,darth_Rt0.95,0.9,0.9810000000000001,9,True,0,100,0,0,0,0.0,0.0,0.0,{},0.0,0.0,0.0,none,0.0
37,darth_Rt0.95,1.0,1.234,10,True,0,100,0,0,0,0.0,0.0,0.0,{},0.0,0.0,0.0,none,0.0
38,darth_Rt0.95,0.9,1.074,9,True,0,100,0,0,0,0.0,0.0,0.0,{},0.0,0.0,0.0,none,0.0
39,darth_Rt0.95,0.8,1.689,8,True,0,100,0,0,0,0.0,0.0,0.0,{},0.0,0.0,0.0,none,0.0
40,darth_Rt0.95,0.9,0.85,9,True,0,100,0,0,0,0.0,0.0,0.0,{},0.0,0.0,0.0,none,0.0
41,darth_Rt0.95,0.9,0.9600000000000001,9,True,0,100,0,0,0,0.0,0.0,0.0,{},0.0,0.0,0.0,none,0.0
42,darth_Rt0.95,1.0,1.366,10,True,0,100,0,0,0,0.0,0.0,0.0,{},0.0,0.0,0.0,none,0.0
43,darth_Rt0.95,1.0,1.317,10,True,0,100,0,0,0,0.0,0.0,0.0,{},0.0,0.0,0.0,none,0.0
44,darth_Rt0.95,1.0,1.16,10,True,0,100,0,0,0,0.0,0.0,0.0,{},0.0,0.0,0.0,none,0.0
45,darth_Rt0.95,0.7,1.349,7,True,0,100,0,0,0,0.0,0.0,0.0,{},0.0,0.0,0.0,none,0.0
46,darth_Rt0.95,0.9,0.8310000000000001,9,True,0,100,0,0,0,0.0,0.0,0.0,{},0.0,0.0,0.0,none,0.0
47,darth_Rt0.95,0.9,1.464,9,True,0,100,0,0,0,0.0,0.0,0.0,{},0.0,0.0,0.0,none,0.0
48,darth_Rt0.95,0.9,1.008,9,True,0,100,0,0,0,0.0,0.0,0.0,{},0.0,0.0,0.0,none,0.0
49,darth_Rt0.95,1.0,0.9859999999999999,10,True,0,100,0,0,0,0.0,0.0,0.0,{},0.0,0.0,0.0,none,0.0
50,darth_Rt0.95,1.0,1.029,10,True,0,100,0,0,0,0.0,0.0,0.0,{},0.0,0.0,0.0,none,0.0
51,darth_Rt0.95,1.0,0.9990000000000001,10,True,0,100,0,0,0,0.0,0.0,0.0,{},0.0,0.0,0.0,none,0.0
52,darth_Rt0.95,0.8,1.209,8,True,0,100,0,0,0,0.0,0.0,0.0,{},0.0,0.0,0.0,none,0.0
53,darth_Rt0.95,0.5,1.019,5,True,0,100,0,0,0,0.0,0.0,0.0,{},0.0,0.0,0.0,none,0.0
54,darth_Rt0.95,0.9,0.49,9,True,0,100,0,0,0,0.0,0.0,0.0,{},0.0,0.0,0.0,none,0.0
55,darth_Rt0.95,0.9,0.897,9,True,0,100,0,0,0,0.0,0.0,0.0,{},0.0,0.0,0.0,none,0.0
56,darth_Rt0.95,0.8,1.174,8,True,0,100,0,0,0,0.0,0.0,0.0,{},0.0,0.0,0.0,none,0.0
57,darth_Rt0.95,0.7,1.14,7,True,0,100,0,0,0,0.0,0.0,0.0,{},0.0,0.0,0.0,none,0.0
58,darth_Rt0.95,0.9,0.785,9,True,0,100,0,0,0,0.0,0.0,0.0,{},0.0,0.0,0.0,none,0.0
59,darth_Rt0.95,1.0,0.636,10,True,0,100,0,0,0,0.0,0.0,0.0,{},0.0,0.0,0.0,none,0.0
60,darth_Rt0.95,1.0,1.444,10,True,0,100,0,0,0,0.0,0.0,0.0,{},0.0,0.0,0.0,none,0.0
61,darth_Rt0.95,1.0,1.22,10,True,0,100,0,0,0,0.0,0.0,0.0,{},0.0,0.0,0.0,none,0.0
62,darth_Rt0.95,0.9,0.5860000000000001,9,True,0,100,0,0,0,0.0,0.0,0.0,{},0.0,0.0,0.0,none,0.0
63,darth_Rt0.95,1.0,0.8059999999999999,10,True,0,100,0,0,0,0.0,0.0,0.0,{},0.0,0.0,0.0,none,0.0
64,darth_Rt0.95,1.0,0.743,10,True,0,100,0,0,0,0.0,0.0,0.0,{},0.0,0.0,0.0,none,0.0
65,darth_Rt0.95,0.8,0.748,8,True,0,100,0,0,0,0.0,0.0,0.0,{},0.0,0.0,0.0,none,0.0
66,darth_Rt0.95,1.0,0.784,10,True,0,100,0,0,0,0.0,0.0,0.0,{},0.0,0.0,0.0,none,0.0
67,darth_Rt0.95,0.9,0.6930000000000001,9,True,0,100,0,0,0,0.0,0.0,0.0,{},0.0,0.0,0.0,none,0.0
68,darth_Rt0.95,0.8,1.165,8,True,0,100,0,0,0,0.0,0.0,0.0,{},0.0,0.0,0.0,none,0.0
69,darth_Rt0.95,0.6,1.066,6,True,0,100,0,0,0,0.0,0.0,0.0,{},0.0,0.0,0.0,none,0.0
70,darth_Rt0.95,0.9,0.5519999999999999,9,True,0,100,0,0,0,0.0,0.0,0.0,{},0.0,0.0,0.0,none,0.0
71,darth_Rt0.95,0.9,0.83,9,True,0,100,0,0,0,0.0,0.0,0.0,{},0.0,0.0,0.0,none,0.0
72,darth_Rt0.95,0.9,1.4929999999999999,9,True,0,100,0,0,0,0.0,0.0,0.0,{},0.0,0.0,0.0,none,0.0
73,darth_Rt0.95,1.0,1.0,10,True,0,100,0,0,0,0.0,0.0,0.0,{},0.0,0.0,0.0,none,0.0
74,darth_Rt0.95,0.9,1.168,9,True,0,100,0,0,0,0.0,0.0,0.0,{},0.0,0.0,0.0,none,0.0
75,darth_Rt0.95,1.0,0.794,10,True,0,100,0,0,0,0.0,0.0,0.0,{},0.0,0.0,0.0,none,0.0
76,darth_Rt0.95,0.9,1.254,9,True,0,100,0,0,0,0.0,0.0,0.0,{},0.0,0.0,0.0,none,0.0
77,darth_Rt0.95,0.9,1.325,9,True,0,100,0,0,0,0.0,0.0,0.0,{},0.0,0.0,0.0,none,0.0
78,darth_Rt0.95,0.9,1.072,9,True,0,100,0,0,0,0.0,0.0,0.0,{},0.0,0.0,0.0,none,0.0
79,darth_Rt0.95,0.9,0.477,9,True,0,100,0,0,0,0.0,0.0,0.0,{},0.0,0.0,0.0,none,0.0
80,darth_Rt0.95,1.0,0.9959999999999999,10,True,0,100,0,0,0,0.0,0.0,0.0,{},0.0,0.0,0.0,none,0.0
81,darth_Rt0.95,0.9,0.966,9,True,0,100,0,0,0,0.0,0.0,0.0,{},0.0,0.0,0.0,none,0.0
82,darth_Rt0.95,0.8,1.328,8,True,0,100,0,0,0,0.0,0.0,0.0,{},0.0,0.0,0.0,none,0.0
83,darth_Rt0.95,0.9,0.8400000000000001,9,True,0,100,0,0,0,0.0,0.0,0.0,{},0.0,0.0,0.0,none,0.0
84,darth_Rt0.95,1.0,1.125,10,True,0,100,0,0,0,0.0,0.0,0.0,{},0.0,0.0,0.0,none,0.0
85,darth_Rt0.95,1.0,0.727,10,True,0,100,0,0,0,0.0,0.0,0.0,{},0.0,0.0,0.0,none,0.0
86,darth_Rt0.95,0.9,0.805,9,True,0,100,0,0,0,0.0,0.0,0.0,{},0.0,0.0,0.0,none,0.0
87,darth_Rt0.95,0.9,0.644,9,True,0,100,0,0,0,0.0,0.0,0.0,{},0.0,0.0,0.0,none,0.0
88,darth_Rt0.95,0.9,0.65,9,True,0,100,0,0,0,0.0,0.0,0.0,{},0.0,0.0,0.0,none,0.0
89,darth_Rt0.95,0.9,0.778,9,True,0,100,0,0,0,0.0,0.0,0.0,{},0.0,0.0,0.0,none,0.0
90,darth_Rt0.95,0.9,0.8180000000000001,9,True,0,100,0,0,0,0.0,0.0,0.0,{},0.0,0.0,0.0,none,0.0
91,darth_Rt0.95,0.8,0.766,8,True,0,100,0,0,0,0.0,0.0,0.0,{},0.0,0.0,0.0,none,0.0
92,darth_Rt0.95,1.0,0.95,10,True,0,100,0,0,0,0.0,0.0,0.0,{},0.0,0.0,0.0,none,0.0
93,darth_Rt0.95,1.0,0.992,10,True,0,100,0,0,0,0.0,0.0,0.0,{},0.0,0.0,0.0,none,0.0
94,darth_Rt0.95,1.0,0.555,10,True,0,100,0,0,0,0.0,0.0,0.0,{},0.0,0.0,0.0,none,0.0
95,darth_Rt0.95,0.8,1.116,8,True,0,100,0,0,0,0.0,0.0,0.0,{},0.0,0.0,0.0,none,0.0
96,darth_Rt0.95,0.6,1.296,6,True,0,100,0,0,0,0.0,0.0,0.0,{},0.0,0.0,0.0,none,0.0
97,darth_Rt0.95,0.8,1.045,8,True,0,100,0,0,0,0.0,0.0,0.0,{},0.0,0.0,0.0,none,0.0
98,darth_Rt0.95,1.0,0.87,10,True,0,100,0,0,0,0.0,0.0,0.0,{},0.0,0.0,0.0,none,0.0
99,darth_Rt0.95,1.0,0.9380000000000001,10,True,0,100,0,0,0,0.0,0.0,0.0,{},0.0,0.0,0.0,none,0.0
0,pip_gamma90.0,1.0,2.799,10,True,0,100,0,0,0,0.0,0.0,0.0,{},0.0,0.0,0.0,none,0.0
1,pip_gamma90.0,1.0,2.026,10,True,0,100,0,0,0,0.0,0.0,0.0,{},0.0,0.0,0.0,none,0.0
2,pip_gamma90.0,1.0,1.596,10,True,0,100,0,0,0,0.0,0.0,0.0,{},0.0,0.0,0.0,none,0.0
3,pip_gamma90.0,1.0,1.866,10,True,0,100,0,0,0,0.0,0.0,0.0,{},0.0,0.0,0.0,none,0.0
4,pip_gamma90.0,1.0,2.334,10,True,0,100,0,0,0,0.0,0.0,0.0,{},0.0,0.0,0.0,none,0.0
5,pip_gamma90.0,0.9,2.356,9,True,0,100,0,0,0,0.0,0.0,0.0,{},0.0,0.0,0.0,none,0.0
6,pip_gamma90.0,1.0,2.536,10,True,0,100,0,0,0,0.0,0.0,0.0,{},0.0,0.0,0.0,none,0.0
7,pip_gamma90.0,1.0,1.701,10,True,0,100,0,0,0,0.0,0.0,0.0,{},0.0,0.0,0.0,none,0.0
8,pip_gamma90.0,1.0,2.7729999999999997,10,True,0,100,0,0,0,0.0,0.0,0.0,{},0.0,0.0,0.0,none,0.0
9,pip_gamma90.0,1.0,2.29,10,True,0,100,0,0,0,0.0,0.0,0.0,{},0.0,0.0,0.0,none,0.0
10,pip_gamma90.0,0.9,4.303000000000001,9,True,0,100,0,0,0,0.0,0.0,0.0,{},0.0,0.0,0.0,none,0.0
11,pip_gamma90.0,1.0,2.3939999999999997,10,True,0,100,0,0,0,0.0,0.0,0.0,{},0.0,0.0,0.0,none,0.0
12,pip_gamma90.0,1.0,2.248,10,True,0,100,0,0,0,0.0,0.0,0.0,{},0.0,0.0,0.0,none,0.0
13,pip_gamma90.0,1.0,2.8019999999999996,10,True,0,100,0,0,0,0.0,0.0,0.0,{},0.0,0.0,0.0,none,0.0
14,pip_gamma90.0,1.0,2.776,10,True,0,100,0,0,0,0.0,0.0,0.0,{},0.0,0.0,0.0,none,0.0
15,pip_gamma90.0,1.0,2.059,10,True,0,100,0,0,0,0.0,0.0,0.0,{},0.0,0.0,0.0,none,0.0
16,pip_gamma90.0,1.0,2.2279999999999998,10,True,0,100,0,0,0,0.0,0.0,0.0,{},0.0,0.0,0.0,none,0.0
17,pip_gamma90.0,1.0,2.519,10,True,0,100,0,0,0,0.0,0.0,0.0,{},0.0,0.0,0.0,none,0.0
18,pip_gamma90.0,1.0,2.386,10,True,0,100,0,0,0,0.0,0.0,0.0,{},0.0,0.0,0.0,none,0.0
19,pip_gamma90.0,1.0,2.42,10,True,0,100,0,0,0,0.0,0.0,0.0,{},0.0,0.0,0.0,none,0.0
20,pip_gamma90.0,1.0,1.818,10,True,0,100,0,0,0,0.0,0.0,0.0,{},0.0,0.0,0.0,none,0.0
21,pip_gamma90.0,1.0,1.971,10,True,0,100,0,0,0,0.0,0.0,0.0,{},0.0,0.0,0.0,none,0.0
22,pip_gamma90.0,1.0,1.656,10,True,0,100,0,0,0,0.0,0.0,0.0,{},0.0,0.0,0.0,none,0.0
23,pip_gamma90.0,1.0,2.2030000000000003,10,True,0,100,0,0,0,0.0,0.0,0.0,{},0.0,0.0,0.0,none,0.0
24,pip_gamma90.0,1.0,2.13,10,True,0,100,0,0,0,0.0,0.0,0.0,{},0.0,0.0,0.0,none,0.0
25,pip_gamma90.0,1.0,2.093,10,True,0,100,0,0,0,0.0,0.0,0.0,{},0.0,0.0,0.0,none,0.0
26,pip_gamma90.0,1.0,2.608,10,True,0,100,0,0,0,0.0,0.0,0.0,{},0.0,0.0,0.0,none,0.0
27,pip_gamma90.0,1.0,2.48,10,True,0,100,0,0,0,0.0,0.0,0.0,{},0.0,0.0,0.0,none,0.0
28,pip_gamma90.0,1.0,2.226,10,True,0,100,0,0,0,0.0,0.0,0.0,{},0.0,0.0,0.0,none,0.0
29,pip_gamma90.0,1.0,1.184,10,True,0,100,0,0,0,0.0,0.0,0.0,{},0.0,0.0,0.0,none,0.0
30,pip_gamma90.0,1.0,1.883,10,True,0,100,0,0,0,0.0,0.0,0.0,{},0.0,0.0,0.0,none,0.0
31,pip_gamma90.0,1.0,2.2729999999999997,10,True,0,100,0,0,0,0.0,0.0,0.0,{},0.0,0.0,0.0,none,0.0
32,pip_gamma90.0,1.0,1.9220000000000002,10,True,0,100,0,0,0,0.0,0.0,0.0,{},0.0,0.0,0.0,none,0.0
33,pip_gamma90.0,0.9,1.888,9,True,0,100,0,0,0,0.0,0.0,0.0,{},0.0,0.0,0.0,none,0.0
34,pip_gamma90.0,1.0,2.502,10,True,0,100,0,0,0,0.0,0.0,0.0,{},0.0,0.0,0.0,none,0.0
35,pip_gamma90.0,1.0,2.322,10,True,0,100,0,0,0,0.0,0.0,0.0,{},0.0,0.0,0.0,none,0.0
36,pip_gamma90.0,1.0,2.3379999999999996,10,True,0,100,0,0,0,0.0,0.0,0.0,{},0.0,0.0,0.0,none,0.0
37,pip_gamma90.0,1.0,1.99,10,True,0,100,0,0,0,0.0,0.0,0.0,{},0.0,0.0,0.0,none,0.0
38,pip_gamma90.0,1.0,2.064,10,True,0,100,0,0,0,0.0,0.0,0.0,{},0.0,0.0,0.0,none,0.0
39,pip_gamma90.0,1.0,1.759,10,True,0,100,0,0,0,0.0,0.0,0.0,{},0.0,0.0,0.0,none,0.0
40,pip_gamma90.0,1.0,2.076,10,True,0,100,0,0,0,0.0,0.0,0.0,{},0.0,0.0,0.0,none,0.0
41,pip_gamma90.0,1.0,1.6949999999999998,10,True,0,100,0,0,0,0.0,0.0,0.0,{},0.0,0.0,0.0,none,0.0
42,pip_gamma90.0,1.0,2.2590000000000003,10,True,0,100,0,0,0,0.0,0.0,0.0,{},0.0,0.0,0.0,none,0.0
43,pip_gamma90.0,1.0,2.524,10,True,0,100,0,0,0,0.0,0.0,0.0,{},0.0,0.0,0.0,none,0.0
44,pip_gamma90.0,1.0,1.938,10,True,0,100,0,0,0,0.0,0.0,0.0,{},0.0,0.0,0.0,none,0.0
45,pip_gamma90.0,0.8,2.284,8,True,0,100,0,0,0,0.0,0.0,0.0,{},0.0,0.0,0.0,none,0.0
46,pip_gamma90.0,1.0,1.512,10,True,0,100,0,0,0,0.0,0.0,0.0,{},0.0,0.0,0.0,none,0.0
47,pip_gamma90.0,1.0,2.857,10,True,0,100,0,0,0,0.0,0.0,0.0,{},0.0,0.0,0.0,none,0.0
48,pip_gamma90.0,1.0,1.9729999999999999,10,True,0,100,0,0,0,0.0,0.0,0.0,{},0.0,0.0,0.0,none,0.0
49,pip_gamma90.0,1.0,1.839,10,True,0,100,0,0,0,0.0,0.0,0.0,{},0.0,0.0,0.0,none,0.0
50,pip_gamma90.0,1.0,1.825,10,True,0,100,0,0,0,0.0,0.0,0.0,{},0.0,0.0,0.0,none,0.0
51,pip_gamma90.0,1.0,1.667,10,True,0,100,0,0,0,0.0,0.0,0.0,{},0.0,0.0,0.0,none,0.0
52,pip_gamma90.0,1.0,2.48,10,True,0,100,0,0,0,0.0,0.0,0.0,{},0.0,0.0,0.0,none,0.0
53,pip_gamma90.0,0.9,2.034,9,True,0,100,0,0,0,0.0,0.0,0.0,{},0.0,0.0,0.0,none,0.0
54,pip_gamma90.0,1.0,1.0759999999999998,10,True,0,100,0,0,0,0.0,0.0,0.0,{},0.0,0.0,0.0,none,0.0
55,pip_gamma90.0,1.0,1.411,10,True,0,100,0,0,0,0.0,0.0,0.0,{},0.0,0.0,0.0,none,0.0
56,pip_gamma90.0,1.0,2.156,10,True,0,100,0,0,0,0.0,0.0,0.0,{},0.0,0.0,0.0,none,0.0
57,pip_gamma90.0,1.0,2.919,10,True,0,100,0,0,0,0.0,0.0,0.0,{},0.0,0.0,0.0,none,0.0
58,pip_gamma90.0,1.0,1.964,10,True,0,100,0,0,0,0.0,0.0,0.0,{},0.0,0.0,0.0,none,0.0
59,pip_gamma90.0,1.0,1.24,10,True,0,100,0,0,0,0.0,0.0,0.0,{},0.0,0.0,0.0,none,0.0
60,pip_gamma90.0,1.0,2.656,10,True,0,100,0,0,0,0.0,0.0,0.0,{},0.0,0.0,0.0,none,0.0
61,pip_gamma90.0,1.0,1.846,10,True,0,100,0,0,0,0.0,0.0,0.0,{},0.0,0.0,0.0,none,0.0
62,pip_gamma90.0,1.0,1.321,10,True,0,100,0,0,0,0.0,0.0,0.0,{},0.0,0.0,0.0,none,0.0
63,pip_gamma90.0,1.0,1.415,10,True,0,100,0,0,0,0.0,0.0,0.0,{},0.0,0.0,0.0,none,0.0
64,pip_gamma90.0,1.0,1.424,10,True,0,100,0,0,0,0.0,0.0,0.0,{},0.0,0.0,0.0,none,0.0
65,pip_gamma90.0,1.0,1.776,10,True,0,100,0,0,0,0.0,0.0,0.0,{},0.0,0.0,0.0,none,0.0
66,pip_gamma90.0,1.0,1.5590000000000002,10,True,0,100,0,0,0,0.0,0.0,0.0,{},0.0,0.0,0.0,none,0.0
67,pip_gamma90.0,1.0,1.6139999999999999,10,True,0,100,0,0,0,0.0,0.0,0.0,{},0.0,0.0,0.0,none,0.0
68,pip_gamma90.0,1.0,1.724,10,True,0,100,0,0,0,0.0,0.0,0.0,{},0.0,0.0,0.0,none,0.0
69,pip_gamma90.0,1.0,2.045,10,True,0,100,0,0,0,0.0,0.0,0.0,{},0.0,0.0,0.0,none,0.0
70,pip_gamma90.0,1.0,1.13,10,True,0,100,0,0,0,0.0,0.0,0.0,{},0.0,0.0,0.0,none,0.0
71,pip_gamma90.0,1.0,1.921,10,True,0,100,0,0,0,0.0,0.0,0.0,{},0.0,0.0,0.0,none,0.0
72,pip_gamma90.0,1.0,2.8249999999999997,10,True,0,100,0,0,0,0.0,0.0,0.0,{},0.0,0.0,0.0,none,0.0
73,pip_gamma90.0,1.0,1.784,10,True,0,100,0,0,0,0.0,0.0,0.0,{},0.0,0.0,0.0,none,0.0
74,pip_gamma90.0,1.0,2.392,10,True,0,100,0,0,0,0.0,0.0,0.0,{},0.0,0.0,0.0,none,0.0
75,pip_gamma90.0,1.0,1.72,10,True,0,100,0,0,0,0.0,0.0,0.0,{},0.0,0.0,0.0,none,0.0
76,pip_gamma90.0,0.9,2.232,9,True,0,100,0,0,0,0.0,0.0,0.0,{},0.0,0.0,0.0,none,0.0
77,pip_gamma90.0,1.0,2.368,10,True,0,100,0,0,0,0.0,0.0,0.0,{},0.0,0.0,0.0,none,0.0
78,pip_gamma90.0,1.0,2.1380000000000003,10,True,0,100,0,0,0,0.0,0.0,0.0,{},0.0,0.0,0.0,none,0.0
79,pip_gamma90.0,1.0,1.251,10,True,0,100,0,0,0,0.0,0.0,0.0,{},0.0,0.0,0.0,none,0.0
80,pip_gamma90.0,1.0,1.967,10,True,0,100,0,0,0,0.0,0.0,0.0,{},0.0,0.0,0.0,none,0.0
81,pip_gamma90.0,1.0,2.213,10,True,0,100,0,0,0,0.0,0.0,0.0,{},0.0,0.0,0.0,none,0.0
82,pip_gamma90.0,0.9,2.341,9,True,0,100,0,0,0,0.0,0.0,0.0,{},0.0,0.0,0.0,none,0.0
83,pip_gamma90.0,1.0,2.005,10,True,0,100,0,0,0,0.0,0.0,0.0,{},0.0,0.0,0.0,none,0.0
84,pip_gamma90.0,1.0,2.376,10,True,0,100,0,0,0,0.0,0.0,0.0,{},0.0,0.0,0.0,none,0.0
85,pip_gamma90.0,1.0,1.406,10,True,0,100,0,0,0,0.0,0.0,0.0,{},0.0,0.0,0.0,none,0.0
86,pip_gamma90.0,1.0,1.591,10,True,0,100,0,0,0,0.0,0.0,0.0,{},0.0,0.0,0.0,none,0.0
87,pip_gamma90.0,1.0,1.312,10,True,0,100,0,0,0,0.0,0.0,0.0,{},0.0,0.0,0.0,none,0.0
88,pip_gamma90.0,1.0,1.276,10,True,0,100,0,0,0,0.0,0.0,0.0,{},0.0,0.0,0.0,none,0.0
89,pip_gamma90.0,1.0,1.804,10,True,0,100,0,0,0,0.0,0.0,0.0,{},0.0,0.0,0.0,none,0.0
90,pip_gamma90.0,1.0,1.6540000000000001,10,True,0,100,0,0,0,0.0,0.0,0.0,{},0.0,0.0,0.0,none,0.0
91,pip_gamma90.0,1.0,1.77,10,True,0,100,0,0,0,0.0,0.0,0.0,{},0.0,0.0,0.0,none,0.0
92,pip_gamma90.0,1.0,2.1380000000000003,10,True,0,100,0,0,0,0.0,0.0,0.0,{},0.0,0.0,0.0,none,0.0
93,pip_gamma90.0,1.0,1.84,10,True,0,100,0,0,0,0.0,0.0,0.0,{},0.0,0.0,0.0,none,0.0
94,pip_gamma90.0,1.0,1.335,10,True,0,100,0,0,0,0.0,0.0,0.0,{},0.0,0.0,0.0,none,0.0
95,pip_gamma90.0,0.9,1.98,9,True,0,100,0,0,0,0.0,0.0,0.0,{},0.0,0.0,0.0,none,0.0
96,pip_gamma90.0,0.7,2.438,7,True,0,100,0,0,0,0.0,0.0,0.0,{},0.0,0.0,0.0,none,0.0
97,pip_gamma90.0,1.0,1.905,10,True,0,100,0,0,0,0.0,0.0,0.0,{},0.0,0.0,0.0,none,0.0
98,pip_gamma90.0,1.0,1.49,10,True,0,100,0,0,0,0.0,0.0,0.0,{},0.0,0.0,0.0,none,0.0
99,pip_gamma90.0,1.0,2.184,10,True,0,100,0,0,0,0.0,0.0,0.0,{},0.0,0.0,0.0,none,0.0
0,pip_gamma95.0,1.0,3.478,10,True,0,100,0,0,0,0.0,0.0,0.0,{},0.0,0.0,0.0,none,0.0
1,pip_gamma95.0,1.0,2.7920000000000003,10,True,0,100,0,0,0,0.0,0.0,0.0,{},0.0,0.0,0.0,none,0.0
2,pip_gamma95.0,1.0,2.006,10,True,0,100,0,0,0,0.0,0.0,0.0,{},0.0,0.0,0.0,none,0.0
3,pip_gamma95.0,1.0,1.954,10,True,0,100,0,0,0,0.0,0.0,0.0,{},0.0,0.0,0.0,none,0.0
4,pip_gamma95.0,1.0,2.783,10,True,0,100,0,0,0,0.0,0.0,0.0,{},0.0,0.0,0.0,none,0.0
5,pip_gamma95.0,1.0,4.681,10,True,0,100,0,0,0,0.0,0.0,0.0,{},0.0,0.0,0.0,none,0.0
6,pip_gamma95.0,1.0,2.796,10,True,0,100,0,0,0,0.0,0.0,0.0,{},0.0,0.0,0.0,none,0.0
7,pip_gamma95.0,1.0,2.0170000000000003,10,True,0,100,0,0,0,0.0,0.0,0.0,{},0.0,0.0,0.0,none,0.0
8,pip_gamma95.0,1.0,3.281,10,True,0,100,0,0,0,0.0,0.0,0.0,{},0.0,0.0,0.0,none,0.0
9,pip_gamma95.0,1.0,2.872,10,True,0,100,0,0,0,0.0,0.0,0.0,{},0.0,0.0,0.0,none,0.0
10,pip_gamma95.0,1.0,4.159999999999999,10,True,0,100,0,0,0,0.0,0.0,0.0,{},0.0,0.0,0.0,none,0.0
11,pip_gamma95.0,1.0,2.634,10,True,0,100,0,0,0,0.0,0.0,0.0,{},0.0,0.0,0.0,none,0.0
12,pip_gamma95.0,1.0,2.7590000000000003,10,True,0,100,0,0,0,0.0,0.0,0.0,{},0.0,0.0,0.0,none,0.0
13,pip_gamma95.0,1.0,2.8609999999999998,10,True,0,100,0,0,0,0.0,0.0,0.0,{},0.0,0.0,0.0,none,0.0
14,pip_gamma95.0,1.0,3.1870000000000003,10,True,0,100,0,0,0,0.0,0.0,0.0,{},0.0,0.0,0.0,none,0.0
15,pip_gamma95.0,1.0,2.787,10,True,0,100,0,0,0,0.0,0.0,0.0,{},0.0,0.0,0.0,none,0.0
16,pip_gamma95.0,1.0,2.7439999999999998,10,True,0,100,0,0,0,0.0,0.0,0.0,{},0.0,0.0,0.0,none,0.0
17,pip_gamma95.0,1.0,2.7950000000000004,10,True,0,100,0,0,0,0.0,0.0,0.0,{},0.0,0.0,0.0,none,0.0
18,pip_gamma95.0,1.0,3.1189999999999998,10,True,0,100,0,0,0,0.0,0.0,0.0,{},0.0,0.0,0.0,none,0.0
19,pip_gamma95.0,1.0,2.552,10,True,0,100,0,0,0,0.0,0.0,0.0,{},0.0,0.0,0.0,none,0.0
20,pip_gamma95.0,1.0,1.8259999999999998,10,True,0,100,0,0,0,0.0,0.0,0.0,{},0.0,0.0,0.0,none,0.0
21,pip_gamma95.0,1.0,2.648,10,True,0,100,0,0,0,0.0,0.0,0.0,{},0.0,0.0,0.0,none,0.0
22,pip_gamma95.0,1.0,1.964,10,True,0,100,0,0,0,0.0,0.0,0.0,{},0.0,0.0,0.0,none,0.0
23,pip_gamma95.0,1.0,2.3640000000000003,10,True,0,100,0,0,0,0.0,0.0,0.0,{},0.0,0.0,0.0,none,0.0
24,pip_gamma95.0,1.0,2.3040000000000003,10,True,0,100,0,0,0,0.0,0.0,0.0,{},0.0,0.0,0.0,none,0.0
25,pip_gamma95.0,1.0,3.044,10,True,0,100,0,0,0,0.0,0.0,0.0,{},0.0,0.0,0.0,none,0.0
26,pip_gamma95.0,1.0,2.436,10,True,0,100,0,0,0,0.0,0.0,0.0,{},0.0,0.0,0.0,none,0.0
27,pip_gamma95.0,1.0,2.851,10,True,0,100,0,0,0,0.0,0.0,0.0,{},0.0,0.0,0.0,none,0.0
28,pip_gamma95.0,1.0,2.873,10,True,0,100,0,0,0,0.0,0.0,0.0,{},0.0,0.0,0.0,none,0.0
29,pip_gamma95.0,1.0,1.4809999999999999,10,True,0,100,0,0,0,0.0,0.0,0.0,{},0.0,0.0,0.0,none,0.0
30,pip_gamma95.0,1.0,2.5300000000000002,10,True,0,100,0,0,0,0.0,0.0,0.0,{},0.0,0.0,0.0,none,0.0
31,pip_gamma95.0,1.0,2.2529999999999997,10,True,0,100,0,0,0,0.0,0.0,0.0,{},0.0,0.0,0.0,none,0.0
32,pip_gamma95.0,1.0,3.5170000000000003,10,True,0,100,0,0,0,0.0,0.0,0.0,{},0.0,0.0,0.0,none,0.0
33,pip_gamma95.0,0.9,2.876,9,True,0,100,0,0,0,0.0,0.0,0.0,{},0.0,0.0,0.0,none,0.0
34,pip_gamma95.0,1.0,3.2560000000000002,10,True,0,100,0,0,0,0.0,0.0,0.0,{},0.0,0.0,0.0,none,0.0
35,pip_gamma95.0,1.0,2.921,10,True,0,100,0,0,0,0.0,0.0,0.0,{},0.0,0.0,0.0,none,0.0
36,pip_gamma95.0,1.0,2.577,10,True,0,100,0,0,0,0.0,0.0,0.0,{},0.0,0.0,0.0,none,0.0
37,pip_gamma95.0,1.0,2.991,10,True,0,100,0,0,0,0.0,0.0,0.0,{},0.0,0.0,0.0,none,0.0
38,pip_gamma95.0,1.0,2.8080000000000003,10,True,0,100,0,0,0,0.0,0.0,0.0,{},0.0,0.0,0.0,none,0.0
39,pip_gamma95.0,1.0,8.044,10,True,0,100,0,0,0,0.0,0.0,0.0,{},0.0,0.0,0.0,none,0.0
40,pip_gamma95.0,1.0,2.472,10,True,0,100,0,0,0,0.0,0.0,0.0,{},0.0,0.0,0.0,none,0.0
41,pip_gamma95.0,1.0,1.7149999999999999,10,True,0,100,0,0,0,0.0,0.0,0.0,{},0.0,0.0,0.0,none,0.0
42,pip_gamma95.0,1.0,2.69,10,True,0,100,0,0,0,0.0,0.0,0.0,{},0.0,0.0,0.0,none,0.0
43,pip_gamma95.0,1.0,2.944,10,True,0,100,0,0,0,0.0,0.0,0.0,{},0.0,0.0,0.0,none,0.0
44,pip_gamma95.0,1.0,2.9229999999999996,10,True,0,100,0,0,0,0.0,0.0,0.0,{},0.0,0.0,0.0,none,0.0
45,pip_gamma95.0,0.8,3.823,8,True,0,100,0,0,0,0.0,0.0,0.0,{},0.0,0.0,0.0,none,0.0
46,pip_gamma95.0,1.0,1.552,10,True,0,100,0,0,0,0.0,0.0,0.0,{},0.0,0.0,0.0,none,0.0
47,pip_gamma95.0,1.0,4.392,10,True,0,100,0,0,0,0.0,0.0,0.0,{},0.0,0.0,0.0,none,0.0
48,pip_gamma95.0,1.0,2.73,10,True,0,100,0,0,0,0.0,0.0,0.0,{},0.0,0.0,0.0,none,0.0
49,pip_gamma95.0,1.0,3.0799999999999996,10,True,0,100,0,0,0,0.0,0.0,0.0,{},0.0,0.0,0.0,none,0.0
50,pip_gamma95.0,1.0,3.095,10,True,0,100,0,0,0,0.0,0.0,0.0,{},0.0,0.0,0.0,none,0.0
51,pip_gamma95.0,1.0,2.023,10,True,0,100,0,0,0,0.0,0.0,0.0,{},0.0,0.0,0.0,none,0.0
52,pip_gamma95.0,1.0,3.589,10,True,0,100,0,0,0,0.0,0.0,0.0,{},0.0,0.0,0.0,none,0.0
53,pip_gamma95.0,1.0,6.0809999999999995,10,True,0,100,0,0,0,0.0,0.0,0.0,{},0.0,0.0,0.0,none,0.0
54,pip_gamma95.0,1.0,2.063,10,True,0,100,0,0,0,0.0,0.0,0.0,{},0.0,0.0,0.0,none,0.0
55,pip_gamma95.0,1.0,1.967,10,True,0,100,0,0,0,0.0,0.0,0.0,{},0.0,0.0,0.0,none,0.0
56,pip_gamma95.0,1.0,9.39,10,True,0,100,0,0,0,0.0,0.0,0.0,{},0.0,0.0,0.0,none,0.0
57,pip_gamma95.0,1.0,6.787999999999999,10,True,0,100,0,0,0,0.0,0.0,0.0,{},0.0,0.0,0.0,none,0.0
58,pip_gamma95.0,1.0,3.4450000000000003,10,True,0,100,0,0,0,0.0,0.0,0.0,{},0.0,0.0,0.0,none,0.0
59,pip_gamma95.0,1.0,2.097,10,True,0,100,0,0,0,0.0,0.0,0.0,{},0.0,0.0,0.0,none,0.0
60,pip_gamma95.0,1.0,4.752,10,True,0,100,0,0,0,0.0,0.0,0.0,{},0.0,0.0,0.0,none,0.0
61,pip_gamma95.0,1.0,2.186,10,True,0,100,0,0,0,0.0,0.0,0.0,{},0.0,0.0,0.0,none,0.0
62,pip_gamma95.0,1.0,4.2509999999999994,10,True,0,100,0,0,0,0.0,0.0,0.0,{},0.0,0.0,0.0,none,0.0
63,pip_gamma95.0,1.0,2.043,10,True,0,100,0,0,0,0.0,0.0,0.0,{},0.0,0.0,0.0,none,0.0
64,pip_gamma95.0,1.0,1.711,10,True,0,100,0,0,0,0.0,0.0,0.0,{},0.0,0.0,0.0,none,0.0
65,pip_gamma95.0,1.0,3.26,10,True,0,100,0,0,0,0.0,0.0,0.0,{},0.0,0.0,0.0,none,0.0
66,pip_gamma95.0,1.0,4.0200000000000005,10,True,0,100,0,0,0,0.0,0.0,0.0,{},0.0,0.0,0.0,none,0.0
67,pip_gamma95.0,1.0,5.538,10,True,0,100,0,0,0,0.0,0.0,0.0,{},0.0,0.0,0.0,none,0.0
68,pip_gamma95.0,1.0,4.345,10,True,0,100,0,0,0,0.0,0.0,0.0,{},0.0,0.0,0.0,none,0.0
69,pip_gamma95.0,1.0,3.718,10,True,0,100,0,0,0,0.0,0.0,0.0,{},0.0,0.0,0.0,none,0.0
70,pip_gamma95.0,1.0,1.377,10,True,0,100,0,0,0,0.0,0.0,0.0,{},0.0,0.0,0.0,none,0.0
71,pip_gamma95.0,1.0,1.898,10,True,0,100,0,0,0,0.0,0.0,0.0,{},0.0,0.0,0.0,none,0.0
72,pip_gamma95.0,1.0,4.15,10,True,0,100,0,0,0,0.0,0.0,0.0,{},0.0,0.0,0.0,none,0.0
73,pip_gamma95.0,1.0,2.007,10,True,0,100,0,0,0,0.0,0.0,0.0,{},0.0,0.0,0.0,none,0.0
74,pip_gamma95.0,1.0,3.061,10,True,0,100,0,0,0,0.0,0.0,0.0,{},0.0,0.0,0.0,none,0.0
75,pip_gamma95.0,1.0,1.787,10,True,0,100,0,0,0,0.0,0.0,0.0,{},0.0,0.0,0.0,none,0.0
76,pip_gamma95.0,0.9,2.363,9,True,0,100,0,0,0,0.0,0.0,0.0,{},0.0,0.0,0.0,none,0.0
77,pip_gamma95.0,1.0,3.282,10,True,0,100,0,0,0,0.0,0.0,0.0,{},0.0,0.0,0.0,none,0.0
78,pip_gamma95.0,1.0,2.5500000000000003,10,True,0,100,0,0,0,0.0,0.0,0.0,{},0.0,0.0,0.0,none,0.0
79,pip_gamma95.0,1.0,1.795,10,True,0,100,0,0,0,0.0,0.0,0.0,{},0.0,0.0,0.0,none,0.0
80,pip_gamma95.0,1.0,2.106,10,True,0,100,0,0,0,0.0,0.0,0.0,{},0.0,0.0,0.0,none,0.0
81,pip_gamma95.0,1.0,2.552,10,True,0,100,0,0,0,0.0,0.0,0.0,{},0.0,0.0,0.0,none,0.0
82,pip_gamma95.0,1.0,4.013,10,True,0,100,0,0,0,0.0,0.0,0.0,{},0.0,0.0,0.0,none,0.0
83,pip_gamma95.0,1.0,2.022,10,True,0,100,0,0,0,0.0,0.0,0.0,{},0.0,0.0,0.0,none,0.0
84,pip_gamma95.0,1.0,2.496,10,True,0,100,0,0,0,0.0,0.0,0.0,{},0.0,0.0,0.0,none,0.0
85,pip_gamma95.0,1.0,2.134,10,True,0,100,0,0,0,0.0,0.0,0.0,{},0.0,0.0,0.0,none,0.0
86,pip_gamma95.0,1.0,1.931,10,True,0,100,0,0,0,0.0,0.0,0.0,{},0.0,0.0,0.0,none,0.0
87,pip_gamma95.0,1.0,1.365,10,True,0,100,0,0,0,0.0,0.0,0.0,{},0.0,0.0,0.0,none,0.0
88,pip_gamma95.0,1.0,1.3159999999999998,10,True,0,100,0,0,0,0.0,0.0,0.0,{},0.0,0.0,0.0,none,0.0
89,pip_gamma95.0,1.0,1.645,10,True,0,100,0,0,0,0.0,0.0,0.0,{},0.0,0.0,0.0,none,0.0
90,pip_gamma95.0,1.0,1.784,10,True,0,100,0,0,0,0.0,0.0,0.0,{},0.0,0.0,0.0,none,0.0
91,pip_gamma95.0,1.0,1.9819999999999998,10,True,0,100,0,0,0,0.0,0.0,0.0,{},0.0,0.0,0.0,none,0.0
92,pip_gamma95.0,1.0,2.363,10,True,0,100,0,0,0,0.0,0.0,0.0,{},0.0,0.0,0.0,none,0.0
93,pip_gamma95.0,1.0,1.996,10,True,0,100,0,0,0,0.0,0.0,0.0,{},0.0,0.0,0.0,none,0.0
94,pip_gamma95.0,1.0,1.85,10,True,0,100,0,0,0,0.0,0.0,0.0,{},0.0,0.0,0.0,none,0.0
95,pip_gamma95.0,1.0,3.3040000000000003,10,True,0,100,0,0,0,0.0,0.0,0.0,{},0.0,0.0,0.0,none,0.0
96,pip_gamma95.0,0.9,4.171,9,True,0,100,0,0,0,0.0,0.0,0.0,{},0.0,0.0,0.0,none,0.0
97,pip_gamma95.0,1.0,2.903,10,True,0,100,0,0,0,0.0,0.0,0.0,{},0.0,0.0,0.0,none,0.0
98,pip_gamma95.0,1.0,1.556,10,True,0,100,0,0,0,0.0,0.0,0.0,{},0.0,0.0,0.0,none,0.0
99,pip_gamma95.0,1.0,2.144,10,True,0,100,0,0,0,0.0,0.0,0.0,{},0.0,0.0,0.0,none,0.0
0,pip_gamma99.0,1.0,4.3229999999999995,10,True,0,100,0,0,0,0.0,0.0,0.0,{},0.0,0.0,0.0,none,0.0
1,pip_gamma99.0,1.0,9.315,10,True,0,100,0,0,0,0.0,0.0,0.0,{},0.0,0.0,0.0,none,0.0
2,pip_gamma99.0,1.0,2.973,10,True,0,100,0,0,0,0.0,0.0,0.0,{},0.0,0.0,0.0,none,0.0
3,pip_gamma99.0,1.0,2.242,10,True,0,100,0,0,0,0.0,0.0,0.0,{},0.0,0.0,0.0,none,0.0
4,pip_gamma99.0,1.0,4.397,10,True,0,100,0,0,0,0.0,0.0,0.0,{},0.0,0.0,0.0,none,0.0
5,pip_gamma99.0,1.0,9.457,10,True,0,100,0,0,0,0.0,0.0,0.0,{},0.0,0.0,0.0,none,0.0
6,pip_gamma99.0,1.0,3.7169999999999996,10,True,0,100,0,0,0,0.0,0.0,0.0,{},0.0,0.0,0.0,none,0.0
7,pip_gamma99.0,1.0,2.764,10,True,0,100,0,0,0,0.0,0.0,0.0,{},0.0,0.0,0.0,none,0.0
8,pip_gamma99.0,1.0,11.207999999999998,10,True,0,100,0,0,0,0.0,0.0,0.0,{},0.0,0.0,0.0,none,0.0
9,pip_gamma99.0,1.0,4.068,10,True,0,100,0,0,0,0.0,0.0,0.0,{},0.0,0.0,0.0,none,0.0
10,pip_gamma99.0,1.0,8.916,10,True,0,100,0,0,0,0.0,0.0,0.0,{},0.0,0.0,0.0,none,0.0
11,pip_gamma99.0,1.0,5.3,10,True,0,100,0,0,0,0.0,0.0,0.0,{},0.0,0.0,0.0,none,0.0
12,pip_gamma99.0,1.0,2.881,10,True,0,100,0,0,0,0.0,0.0,0.0,{},0.0,0.0,0.0,none,0.0
13,pip_gamma99.0,1.0,13.504999999999999,10,True,0,100,0,0,0,0.0,0.0,0.0,{},0.0,0.0,0.0,none,0.0
14,pip_gamma99.0,1.0,7.401,10,True,0,100,0,0,0,0.0,0.0,0.0,{},0.0,0.0,0.0,none,0.0
15,pip_gamma99.0,1.0,4.963,10,True,0,100,0,0,0,0.0,0.0,0.0,{},0.0,0.0,0.0,none,0.0
16,pip_gamma99.0,1.0,6.662999999999999,10,True,0,100,0,0,0,0.0,0.0,0.0,{},0.0,0.0,0.0,none,0.0
17,pip_gamma99.0,1.0,9.33,10,True,0,100,0,0,0,0.0,0.0,0.0,{},0.0,0.0,0.0,none,0.0
18,pip_gamma99.0,1.0,5.4079999999999995,10,True,0,100,0,0,0,0.0,0.0,0.0,{},0.0,0.0,0.0,none,0.0
19,pip_gamma99.0,1.0,5.813,10,True,0,100,0,0,0,0.0,0.0,0.0,{},0.0,0.0,0.0,none,0.0
20,pip_gamma99.0,1.0,3.1830000000000003,10,True,0,100,0,0,0,0.0,0.0,0.0,{},0.0,0.0,0.0,none,0.0
21,pip_gamma99.0,1.0,2.441,10,True,0,100,0,0,0,0.0,0.0,0.0,{},0.0,0.0,0.0,none,0.0
22,pip_gamma99.0,1.0,3.297,10,True,0,100,0,0,0,0.0,0.0,0.0,{},0.0,0.0,0.0,none,0.0
23,pip_gamma99.0,1.0,4.992,10,True,0,100,0,0,0,0.0,0.0,0.0,{},0.0,0.0,0.0,none,0.0
24,pip_gamma99.0,1.0,5.267,10,True,0,100,0,0,0,0.0,0.0,0.0,{},0.0,0.0,0.0,none,0.0
25,pip_gamma99.0,1.0,4.553,10,True,0,100,0,0,0,0.0,0.0,0.0,{},0.0,0.0,0.0,none,0.0
26,pip_gamma99.0,1.0,4.297,10,True,0,100,0,0,0,0.0,0.0,0.0,{},0.0,0.0,0.0,none,0.0
27,pip_gamma99.0,1.0,4.665,10,True,0,100,0,0,0,0.0,0.0,0.0,{},0.0,0.0,0.0,none,0.0
28,pip_gamma99.0,1.0,4.329000000000001,10,True,0,100,0,0,0,0.0,0.0,0.0,{},0.0,0.0,0.0,none,0.0
29,pip_gamma99.0,1.0,1.369,10,True,0,100,0,0,0,0.0,0.0,0.0,{},0.0,0.0,0.0,none,0.0
30,pip_gamma99.0,1.0,6.877000000000001,10,True,0,100,0,0,0,0.0,0.0,0.0,{},0.0,0.0,0.0,none,0.0
31,pip_gamma99.0,1.0,4.7749999999999995,10,True,0,100,0,0,0,0.0,0.0,0.0,{},0.0,0.0,0.0,none,0.0
32,pip_gamma99.0,1.0,9.405,10,True,0,100,0,0,0,0.0,0.0,0.0,{},0.0,0.0,0.0,none,0.0
33,pip_gamma99.0,0.9,2.261,9,True,0,100,0,0,0,0.0,0.0,0.0,{},0.0,0.0,0.0,none,0.0
34,pip_gamma99.0,1.0,9.168000000000001,10,True,0,100,0,0,0,0.0,0.0,0.0,{},0.0,0.0,0.0,none,0.0
35,pip_gamma99.0,1.0,4.549,10,True,0,100,0,0,0,0.0,0.0,0.0,{},0.0,0.0,0.0,none,0.0
36,pip_gamma99.0,1.0,2.702,10,True,0,100,0,0,0,0.0,0.0,0.0,{},0.0,0.0,0.0,none,0.0
37,pip_gamma99.0,1.0,7.760999999999999,10,True,0,100,0,0,0,0.0,0.0,0.0,{},0.0,0.0,0.0,none,0.0
38,pip_gamma99.0,1.0,3.255,10,True,0,100,0,0,0,0.0,0.0,0.0,{},0.0,0.0,0.0,none,0.0
39,pip_gamma99.0,1.0,3.714,10,True,0,100,0,0,0,0.0,0.0,0.0,{},0.0,0.0,0.0,none,0.0
40,pip_gamma99.0,1.0,2.3289999999999997,10,True,0,100,0,0,0,0.0,0.0,0.0,{},0.0,0.0,0.0,none,0.0
41,pip_gamma99.0,1.0,8.008,10,True,0,100,0,0,0,0.0,0.0,0.0,{},0.0,0.0,0.0,none,0.0
42,pip_gamma99.0,1.0,3.12,10,True,0,100,0,0,0,0.0,0.0,0.0,{},0.0,0.0,0.0,none,0.0
43,pip_gamma99.0,1.0,4.345,10,True,0,100,0,0,0,0.0,0.0,0.0,{},0.0,0.0,0.0,none,0.0
44,pip_gamma99.0,1.0,2.183,10,True,0,100,0,0,0,0.0,0.0,0.0,{},0.0,0.0,0.0,none,0.0
45,pip_gamma99.0,0.8,8.743,8,True,0,100,0,0,0,0.0,0.0,0.0,{},0.0,0.0,0.0,none,0.0
46,pip_gamma99.0,1.0,4.182,10,True,0,100,0,0,0,0.0,0.0,0.0,{},0.0,0.0,0.0,none,0.0
47,pip_gamma99.0,1.0,3.604,10,True,0,100,0,0,0,0.0,0.0,0.0,{},0.0,0.0,0.0,none,0.0
48,pip_gamma99.0,1.0,8.523,10,True,0,100,0,0,0,0.0,0.0,0.0,{},0.0,0.0,0.0,none,0.0
49,pip_gamma99.0,1.0,6.0889999999999995,10,True,0,100,0,0,0,0.0,0.0,0.0,{},0.0,0.0,0.0,none,0.0
50,pip_gamma99.0,1.0,1.9400000000000002,10,True,0,100,0,0,0,0.0,0.0,0.0,{},0.0,0.0,0.0,none,0.0
51,pip_gamma99.0,1.0,8.444,10,True,0,100,0,0,0,0.0,0.0,0.0,{},0.0,0.0,0.0,none,0.0
52,pip_gamma99.0,1.0,7.589,10,True,0,100,0,0,0,0.0,0.0,0.0,{},0.0,0.0,0.0,none,0.0
53,pip_gamma99.0,1.0,9.808000000000002,10,True,0,100,0,0,0,0.0,0.0,0.0,{},0.0,0.0,0.0,none,0.0
54,pip_gamma99.0,1.0,2.149,10,True,0,100,0,0,0,0.0,0.0,0.0,{},0.0,0.0,0.0,none,0.0
55,pip_gamma99.0,1.0,3.381,10,True,0,100,0,0,0,0.0,0.0,0.0,{},0.0,0.0,0.0,none,0.0
56,pip_gamma99.0,1.0,3.232,10,True,0,100,0,0,0,0.0,0.0,0.0,{},0.0,0.0,0.0,none,0.0
57,pip_gamma99.0,1.0,5.891,10,True,0,100,0,0,0,0.0,0.0,0.0,{},0.0,0.0,0.0,none,0.0
58,pip_gamma99.0,1.0,3.4650000000000003,10,True,0,100,0,0,0,0.0,0.0,0.0,{},0.0,0.0,0.0,none,0.0
59,pip_gamma99.0,1.0,1.3840000000000001,10,True,0,100,0,0,0,0.0,0.0,0.0,{},0.0,0.0,0.0,none,0.0
60,pip_gamma99.0,1.0,2.887,10,True,0,100,0,0,0,0.0,0.0,0.0,{},0.0,0.0,0.0,none,0.0
61,pip_gamma99.0,1.0,2.197,10,True,0,100,0,0,0,0.0,0.0,0.0,{},0.0,0.0,0.0,none,0.0
62,pip_gamma99.0,1.0,1.5590000000000002,10,True,0,100,0,0,0,0.0,0.0,0.0,{},0.0,0.0,0.0,none,0.0
63,pip_gamma99.0,1.0,1.647,10,True,0,100,0,0,0,0.0,0.0,0.0,{},0.0,0.0,0.0,none,0.0
64,pip_gamma99.0,1.0,1.526,10,True,0,100,0,0,0,0.0,0.0,0.0,{},0.0,0.0,0.0,none,0.0
65,pip_gamma99.0,1.0,2.3379999999999996,10,True,0,100,0,0,0,0.0,0.0,0.0,{},0.0,0.0,0.0,none,0.0
66,pip_gamma99.0,1.0,2.562,10,True,0,100,0,0,0,0.0,0.0,0.0,{},0.0,0.0,0.0,none,0.0
67,pip_gamma99.0,1.0,2.1940000000000004,10,True,0,100,0,0,0,0.0,0.0,0.0,{},0.0,0.0,0.0,none,0.0
68,pip_gamma99.0,1.0,2.246,10,True,0,100,0,0,0,0.0,0.0,0.0,{},0.0,0.0,0.0,none,0.0
69,pip_gamma99.0,1.0,3.312,10,True,0,100,0,0,0,0.0,0.0,0.0,{},0.0,0.0,0.0,none,0.0
70,pip_gamma99.0,1.0,1.2049999999999998,10,True,0,100,0,0,0,0.0,0.0,0.0,{},0.0,0.0,0.0,none,0.0
71,pip_gamma99.0,1.0,1.874,10,True,0,100,0,0,0,0.0,0.0,0.0,{},0.0,0.0,0.0,none,0.0
72,pip_gamma99.0,1.0,4.244000000000001,10,True,0,100,0,0,0,0.0,0.0,0.0,{},0.0,0.0,0.0,none,0.0
73,pip_gamma99.0,1.0,2.305,10,True,0,100,0,0,0,0.0,0.0,0.0,{},0.0,0.0,0.0,none,0.0
74,pip_gamma99.0,1.0,3.161,10,True,0,100,0,0,0,0.0,0.0,0.0,{},0.0,0.0,0.0,none,0.0
75,pip_gamma99.0,1.0,2.013,10,True,0,100,0,0,0,0.0,0.0,0.0,{},0.0,0.0,0.0,none,0.0
76,pip_gamma99.0,0.9,2.449,9,True,0,100,0,0,0,0.0,0.0,0.0,{},0.0,0.0,0.0,none,0.0
77,pip_gamma99.0,1.0,4.119000000000001,10,True,0,100,0,0,0,0.0,0.0,0.0,{},0.0,0.0,0.0,none,0.0
78,pip_gamma99.0,1.0,2.611,10,True,0,100,0,0,0,0.0,0.0,0.0,{},0.0,0.0,0.0,none,0.0
79,pip_gamma99.0,1.0,2.0,10,True,0,100,0,0,0,0.0,0.0,0.0,{},0.0,0.0,0.0,none,0.0
80,pip_gamma99.0,1.0,2.3280000000000003,10,True,0,100,0,0,0,0.0,0.0,0.0,{},0.0,0.0,0.0,none,0.0
81,pip_gamma99.0,1.0,6.07,10,True,0,100,0,0,0,0.0,0.0,0.0,{},0.0,0.0,0.0,none,0.0
82,pip_gamma99.0,1.0,5.417,10,True,0,100,0,0,0,0.0,0.0,0.0,{},0.0,0.0,0.0,none,0.0
83,pip_gamma99.0,1.0,2.819,10,True,0,100,0,0,0,0.0,0.0,0.0,{},0.0,0.0,0.0,none,0.0
84,pip_gamma99.0,1.0,74.287,10,True,0,100,0,0,0,0.0,0.0,0.0,{},0.0,0.0,0.0,none,0.0
85,pip_gamma99.0,1.0,18.432000000000002,10,True,0,100,0,0,0,0.0,0.0,0.0,{},0.0,0.0,0.0,none,0.0
86,pip_gamma99.0,1.0,4.268,10,True,0,100,0,0,0,0.0,0.0,0.0,{},0.0,0.0,0.0,none,0.0
87,pip_gamma99.0,1.0,3.557,10,True,0,100,0,0,0,0.0,0.0,0.0,{},0.0,0.0,0.0,none,0.0
88,pip_gamma99.0,1.0,3.382,10,True,0,100,0,0,0,0.0,0.0,0.0,{},0.0,0.0,0.0,none,0.0
89,pip_gamma99.0,1.0,4.381,10,True,0,100,0,0,0,0.0,0.0,0.0,{},0.0,0.0,0.0,none,0.0
90,pip_gamma99.0,1.0,5.0169999999999995,10,True,0,100,0,0,0,0.0,0.0,0.0,{},0.0,0.0,0.0,none,0.0
91,pip_gamma99.0,1.0,5.644,10,True,0,100,0,0,0,0.0,0.0,0.0,{},0.0,0.0,0.0,none,0.0
92,pip_gamma99.0,1.0,2.462,10,True,0,100,0,0,0,0.0,0.0,0.0,{},0.0,0.0,0.0,none,0.0
93,pip_gamma99.0,1.0,6.62,10,True,0,100,0,0,0,0.0,0.0,0.0,{},0.0,0.0,0.0,none,0.0
94,pip_gamma99.0,1.0,3.205,10,True,0,100,0,0,0,0.0,0.0,0.0,{},0.0,0.0,0.0,none,0.0
95,pip_gamma99.0,1.0,6.686,10,True,0,100,0,0,0,0.0,0.0,0.0,{},0.0,0.0,0.0,none,0.0
96,pip_gamma99.0,0.9,10.5,9,True,0,100,0,0,0,0.0,0.0,0.0,{},0.0,0.0,0.0,none,0.0
97,pip_gamma99.0,1.0,5.05,10,True,0,100,0,0,0,0.0,0.0,0.0,{},0.0,0.0,0.0,none,0.0
98,pip_gamma99.0,1.0,4.444,10,True,0,100,0,0,0,0.0,0.0,0.0,{},0.0,0.0,0.0,none,0.0
99,pip_gamma99.0,1.0,6.018,10,True,0,100,0,0,0,0.0,0.0,0.0,{},0.0,0.0,0.0,none,0.0
