dataset,method,M,efConstruction,efSearch,k,Rt,pip_gamma,pip_delta,Recall@k,QPS,Time_total_s,n_queries
fashion_mnist,Baseline-HNSW,16,200,10,10,,,,0.89433,4521.1,2.211852,10000
fashion_mnist,Baseline-HNSW,16,200,20,10,,,,0.94596,4445.63,2.249398,10000
fashion_mnist,Baseline-HNSW,16,200,50,10,,,,0.94604,4202.64,2.379456,10000
fashion_mnist,Baseline-HNSW,16,200,100,10,,,,0.94604,4360.25,2.293445,10000
fashion_mnist,Baseline-HNSW,16,200,150,10,,,,0.94604,4017.1,2.489356,10000
fashion_mnist,Baseline-HNSW,16,200,200,10,,,,0.94604,4390.5,2.277643,10000
fashion_mnist,Baseline-HNSW,16,200,10,20,,,,0.53681,4180.97,2.391788,10000
fashion_mnist,Baseline-HNSW,16,200,20,20,,,,0.9646,2924.84,3.418991,10000
fashion_mnist,Baseline-HNSW,16,200,50,20,,,,0.97601,2866.91,3.488073,10000
fashion_mnist,Baseline-HNSW,16,200,100,20,,,,0.97601,2781.34,3.595396,10000
fashion_mnist,Baseline-HNSW,16,200,150,20,,,,0.97601,2810.9,3.55758,10000
fashion_mnist,Baseline-HNSW,16,200,200,20,,,,0.97601,2738.26,3.651959,10000
fashion_mnist,DARTH,16,200,50,10,0.8,,,0.94604,4062.66,2.461443,10000
fashion_mnist,DARTH,16,200,50,10,0.85,,,0.94604,4121.31,2.426415,10000
fashion_mnist,DARTH,16,200,50,10,0.9,,,0.94604,3926.74,2.546641,10000
fashion_mnist,DARTH,16,200,50,10,0.95,,,0.94604,3581.13,2.792413,10000
fashion_mnist,DARTH,16,200,100,10,0.8,,,0.94604,3681.71,2.716127,10000
fashion_mnist,DARTH,16,200,100,10,0.85,,,0.94604,3702.06,2.701202,10000
fashion_mnist,DARTH,16,200,100,10,0.9,,,0.94604,3871.36,2.583069,10000
fashion_mnist,DARTH,16,200,100,10,0.95,,,0.94604,4044.04,2.472774,10000
fashion_mnist,DARTH,16,200,200,10,0.8,,,0.94604,4022.95,2.485736,10000
fashion_mnist,DARTH,16,200,200,10,0.85,,,0.94604,3858.92,2.591402,10000
fashion_mnist,DARTH,16,200,200,10,0.9,,,0.94604,3999.7,2.500186,10000
fashion_mnist,DARTH,16,200,200,10,0.95,,,0.94604,3934.49,2.541623,10000
fashion_mnist,DARTH,16,200,50,20,0.8,,,0.97601,2568.92,3.892685,10000
fashion_mnist,DARTH,16,200,50,20,0.85,,,0.97601,2634.2,3.796213,10000
fashion_mnist,DARTH,16,200,50,20,0.9,,,0.97601,2642.0,3.785006,10000
fashion_mnist,DARTH,16,200,50,20,0.95,,,0.97601,2752.55,3.63299,10000
fashion_mnist,DARTH,16,200,100,20,0.8,,,0.97601,2768.97,3.611457,10000
fashion_mnist,DARTH,16,200,100,20,0.85,,,0.97601,2774.06,3.604826,10000
fashion_mnist,DARTH,16,200,100,20,0.9,,,0.97601,2625.8,3.808367,10000
fashion_mnist,DARTH,16,200,100,20,0.95,,,0.97601,2692.31,3.714279,10000
fashion_mnist,DARTH,16,200,200,20,0.8,,,0.97601,2693.3,3.712917,10000
fashion_mnist,DARTH,16,200,200,20,0.85,,,0.97601,2769.02,3.611387,10000
fashion_mnist,DARTH,16,200,200,20,0.9,,,0.97601,2806.46,3.563213,10000
fashion_mnist,DARTH,16,200,200,20,0.95,,,0.97601,2886.37,3.464558,10000
fashion_mnist,PiP,16,200,50,10,,90.0,5.0,0.91529,2448.04,4.084895,10000
fashion_mnist,PiP,16,200,100,10,,90.0,5.0,0.91529,2451.49,4.079155,10000
fashion_mnist,PiP,16,200,200,10,,90.0,5.0,0.91529,2478.18,4.035217,10000
fashion_mnist,PiP,16,200,50,20,,90.0,5.0,0.878745,2036.41,4.910604,10000
fashion_mnist,PiP,16,200,100,20,,90.0,5.0,0.878745,2069.56,4.831934,10000
fashion_mnist,PiP,16,200,200,20,,90.0,5.0,0.878745,1910.4,5.234517,10000
fashion_mnist,PiP,16,200,50,10,,90.0,10.0,0.96571,1556.68,6.423936,10000
fashion_mnist,PiP,16,200,100,10,,90.0,10.0,0.96571,1774.14,5.636527,10000
fashion_mnist,PiP,16,200,200,10,,90.0,10.0,0.96571,1787.29,5.595063,10000
fashion_mnist,PiP,16,200,50,20,,90.0,10.0,0.944185,1441.43,6.937573,10000
fashion_mnist,PiP,16,200,100,20,,90.0,10.0,0.944185,1479.58,6.758678,10000
fashion_mnist,PiP,16,200,200,20,,90.0,10.0,0.944185,1470.97,6.79825,10000
fashion_mnist,PiP,16,200,50,10,,90.0,20.0,0.98972,1230.02,8.129976,10000
fashion_mnist,PiP,16,200,100,10,,90.0,20.0,0.98972,1213.09,8.243433,10000
fashion_mnist,PiP,16,200,200,10,,90.0,20.0,0.98972,1200.17,8.332182,10000
fashion_mnist,PiP,16,200,50,20,,90.0,20.0,0.981865,993.6,10.064454,10000
fashion_mnist,PiP,16,200,100,20,,90.0,20.0,0.981865,1000.23,9.997662,10000
fashion_mnist,PiP,16,200,200,20,,90.0,20.0,0.981865,1009.58,9.905074,10000
fashion_mnist,PiP,16,200,50,10,,95.0,5.0,0.95561,2021.69,4.946354,10000
fashion_mnist,PiP,16,200,100,10,,95.0,5.0,0.95561,1979.45,5.051904,10000
fashion_mnist,PiP,16,200,200,10,,95.0,5.0,0.95561,1894.23,5.27918,10000
fashion_mnist,PiP,16,200,50,20,,95.0,5.0,0.9123,1785.88,5.599473,10000
fashion_mnist,PiP,16,200,100,20,,95.0,5.0,0.9123,1721.78,5.807936,10000
fashion_mnist,PiP,16,200,200,20,,95.0,5.0,0.9123,1712.95,5.837886,10000
fashion_mnist,PiP,16,200,50,10,,95.0,10.0,0.98366,1480.53,6.754319,10000
fashion_mnist,PiP,16,200,100,10,,95.0,10.0,0.98365,1444.39,6.923338,10000
fashion_mnist,PiP,16,200,200,10,,95.0,10.0,0.98365,1435.46,6.966407,10000
fashion_mnist,PiP,16,200,50,20,,95.0,10.0,0.9609,1130.85,8.842926,10000
fashion_mnist,PiP,16,200,100,20,,95.0,10.0,0.96088,702.63,14.232249,10000
fashion_mnist,PiP,16,200,200,20,,95.0,10.0,0.96088,959.4,10.423195,10000
fashion_mnist,PiP,16,200,50,10,,95.0,20.0,0.9949,793.6,12.600813,10000
fashion_mnist,PiP,16,200,100,10,,95.0,20.0,0.99497,895.35,11.168816,10000
fashion_mnist,PiP,16,200,200,10,,95.0,20.0,0.99497,822.75,12.154416,10000
fashion_mnist,PiP,16,200,50,20,,95.0,20.0,0.9866,681.39,14.675976,10000
fashion_mnist,PiP,16,200,100,20,,95.0,20.0,0.9866,620.5,16.115978,10000
fashion_mnist,PiP,16,200,200,20,,95.0,20.0,0.9866,622.86,16.055028,10000
fashion_mnist,PiP,16,200,50,10,,99.0,5.0,0.95561,1597.74,6.258829,10000
fashion_mnist,PiP,16,200,100,10,,99.0,5.0,0.95561,1515.48,6.598568,10000
fashion_mnist,PiP,16,200,200,10,,99.0,5.0,0.95561,691.17,14.468121,10000
fashion_mnist,PiP,16,200,50,20,,99.0,5.0,0.95595,863.29,11.583603,10000
fashion_mnist,PiP,16,200,100,20,,99.0,5.0,0.95595,743.26,13.454332,10000
fashion_mnist,PiP,16,200,200,20,,99.0,5.0,0.95595,1022.53,9.779675,10000
fashion_mnist,PiP,16,200,50,10,,99.0,10.0,0.98366,1286.94,7.770384,10000
fashion_mnist,PiP,16,200,100,10,,99.0,10.0,0.98365,813.92,12.286272,10000
fashion_mnist,PiP,16,200,200,10,,99.0,10.0,0.98365,1246.46,8.022727,10000
fashion_mnist,PiP,16,200,50,20,,99.0,10.0,0.982195,434.19,23.031336,10000
fashion_mnist,PiP,16,200,100,20,,99.0,10.0,0.982205,453.31,22.059834,10000
fashion_mnist,PiP,16,200,200,20,,99.0,10.0,0.982205,571.3,17.503898,10000
fashion_mnist,PiP,16,200,50,10,,99.0,20.0,0.9949,448.97,22.273449,10000
fashion_mnist,PiP,16,200,100,10,,99.0,20.0,0.99497,440.86,22.682777,10000
fashion_mnist,PiP,16,200,200,10,,99.0,20.0,0.99497,430.84,23.210302,10000
fashion_mnist,PiP,16,200,50,20,,99.0,20.0,0.993865,333.34,29.999192,10000
fashion_mnist,PiP,16,200,100,20,,99.0,20.0,0.994235,393.42,25.418335,10000
fashion_mnist,PiP,16,200,200,20,,99.0,20.0,0.994235,487.3,20.521134,10000
fashion_mnist,Ada-ef,16,200,0,10,0.8,,,0.99957,153.57,65.11706,10000
fashion_mnist,Ada-ef,16,200,0,10,0.85,,,0.99957,150.65,66.379698,10000
fashion_mnist,Ada-ef,16,200,0,10,0.9,,,0.99513,281.12,35.572566,10000
fashion_mnist,Ada-ef,16,200,0,10,0.95,,,0.99957,116.87,85.567977,10000
fashion_mnist,Ada-ef,16,200,0,20,0.8,,,0.999695,116.04,86.176105,10000
fashion_mnist,Ada-ef,16,200,0,20,0.85,,,0.999695,117.52,85.088456,10000
fashion_mnist,Ada-ef,16,200,0,20,0.9,,,0.993085,511.66,19.544191,10000
fashion_mnist,Ada-ef,16,200,0,20,0.95,,,0.999695,162.26,61.628448,10000
